Time,calcium,CaMKII0,CaMKII1,CaMKII2
0.0,0.0001,9.99999999e-05,9.99e-05,9.900000000000001e-05
0.01,0.0001,0.0001999999997,0.0001997001,0.00019701
0.02,0.0001,0.0002999999994,0.0002994003999,0.0002940399
0.03,0.0001,0.00039999999899999997,0.0003990009995001,0.000390099501
0.04,0.0001,0.0004999999985,0.0004985019985005998,0.00048519850598999995
0.05,0.0001,0.0005999999979000001,0.0005979034965020993,0.0005793465209301
0.06,0.0001,0.0006999999972000002,0.0006972055930055972,0.000672553055720799
0.07,0.0001,0.0007999999964000002,0.0007964083874125917,0.000764827525163591
0.08,0.0001,0.0008999999955000002,0.0008955119790251792,0.0008561792499119552
0.09,0.0001,0.0009999999945000003,0.0009945164670461541,0.0009466174574128357
0.1,0.0001,0.0010999999934000002,0.001093421950579108,0.0010361512828387072
0.11,0.0001,0.0011999999922000003,0.001192228528628529,0.0011247897700103202
0.12,0.0001,0.0012999999909000003,0.0012909363000999006,0.001212541872310217
0.13,0.0001,0.0013999999895000005,0.0013895453637998007,0.001299416453587115
0.14,0.0001,0.0014999999880000005,0.001488055818436001,0.001385422289051244
0.15,0.0001,0.0015999999864000005,0.0015864677626175648,0.0014705680661607316
0.16,0.0001,0.0016999999847000006,0.0016847812948549473,0.0015548623854991243
0.17,0.0001,0.0017999999829000006,0.0017829965135600925,0.0016383137616441331
0.18,0.0001,0.0018999999810000007,0.0018811135170465323,0.0017209306240276918
0.19,0.0001,0.0019999999790000006,0.0019791324035294856,0.0018027213177874148
0.2,0.0001,0.0020999999769000005,0.002077053271125956,0.0018836941046095406
0.21,0.0001,0.0021999999747,0.0021748762178548297,0.001963857163563445
0.22,0.0001,0.0022999999724,0.0022726013416369747,0.0020432185919278104
0.23,0.0001,0.00239999997,0.0023702287402953374,0.002121786406008532
0.24,0.0001,0.0024999999675,0.002467758511555042,0.0021995685419484465
0.25,0.0001,0.0025999999648999997,0.0025651907530434867,0.0022765728565289616
0.26,0.0001,0.0026999999621999996,0.002662525562290443,0.002352807127963672
0.27,0.0001,0.0027999999593999996,0.0027597630367281524,0.002428279056684035
0.28,0.0001,0.0028999999564999993,0.002856903273691424,0.002502996266117194
0.29,0.0001,0.002999999953499999,0.0029539463704177328,0.002576966303456022
0.3,0.0001,0.003099999950399999,0.003050892424047315,0.0026501966404214616
0.31,0.0001,0.003199999947199999,0.0031477415316232675,0.002722694674017247
0.32,0.0001,0.0032999999438999986,0.0032444937900916442,0.002794467727277074
0.33,0.0001,0.0033999999404999985,0.0033411492963015526,0.0028655230500043032
0.34,0.0001,0.0034999999369999986,0.0034377081470052507,0.00293586781950426
0.35000000000000003,0.0001,0.0035999999333999983,0.0035341704388582454,0.0030055091413092173
0.36,0.0001,0.0036999999296999982,0.003630536268419387,0.003074454049896125
0.37,0.0001,0.0037999999258999983,0.0037268057321509676,0.0031427095093971634
0.38,0.0001,0.003899999921999998,0.0038229789264188165,0.0032102824143031916
0.39,0.0001,0.003999999917999998,0.003919055947492397,0.0032771795901601597
0.4,0.0001,0.004099999913899998,0.004015036891544905,0.003343407794258558
0.41000000000000003,0.0001,0.004199999909699999,0.00411092185465336,0.0034089737163159723
0.42,0.0001,0.004299999905399999,0.004206710932798707,0.0034738839791528123
0.43,0.0001,0.004399999900999999,0.004302404221865909,0.003538145139361284
0.44,0.0001,0.004499999896499999,0.004398001817644043,0.003601763687967671
0.45,0.0001,0.0045999998919,0.004493503815826399,0.003664746051087994
0.46,0.0001,0.0046999998872,0.004588910312010573,0.003727098590577114
0.47000000000000003,0.0001,0.0047999998824,0.004684221401698562,0.0037888276046713428
0.48,0.0001,0.004899999877500001,0.0047794371802968635,0.0038499393286246294
0.49,0.0001,0.004999999872500002,0.004874557743116567,0.003910439935338383
0.5,0.0001,0.005099999867400002,0.004969583185373451,0.003970335535985
0.51,0.0001,0.005199999862200002,0.005064513602188078,0.00402963218062515
0.52,0.0001,0.005299999856900002,0.00515934908858589,0.004088335858818899
0.53,0.0001,0.005399999851500002,0.0052540897394973045,0.00414645250023071
0.54,0.0001,0.005499999846000003,0.005348735649757808,0.004203987975228403
0.55,0.0001,0.0055999998404000035,0.00544328691410805,0.00426094809547612
0.56,0.0001,0.005699999834700004,0.005537743627193942,0.004317338614521359
0.5700000000000001,0.0001,0.005799999828900004,0.0056321058835667485,0.004373165228376145
0.58,0.0001,0.0058999998230000045,0.005726373777683182,0.004428433576092384
0.59,0.0001,0.005999999817000005,0.005820547403905499,0.00448314924033146
0.6,0.0001,0.006099999810900005,0.005914626856501594,0.0045373177479281455
0.61,0.0001,0.006199999804700006,0.006008612229645092,0.004590944570448864
0.62,0.0001,0.006299999798400006,0.006102503617415447,0.004644035124744376
0.63,0.0001,0.006399999792000007,0.006196301113798032,0.004696594773496932
0.64,0.0001,0.006499999785500007,0.006290004812684234,0.0047486288257619635
0.65,0.0001,0.0065999997789000075,0.00638361480787155,0.004800142537504344
0.66,0.0001,0.006699999772200008,0.0064771311930636784,0.004851141112129301
0.67,0.0001,0.006799999765400008,0.006570554061870615,0.004901629701008009
0.68,0.0001,0.006899999758500009,0.0066638835078087445,0.004951613403997929
0.6900000000000001,0.0001,0.00699999975150001,0.006757119624300936,0.0050010972699579504
0.7000000000000001,0.0001,0.0070999997444000104,0.006850262504676636,0.005050086297258371
0.71,0.0001,0.007199999737200011,0.00694331224217196,0.005098585434285788
0.72,0.0001,0.007299999729900011,0.007036268929929788,0.0051465995799429304
0.73,0.0001,0.007399999722500011,0.007129132660999858,0.005194133584143501
0.74,0.0001,0.007499999715000012,0.007221903528338859,0.005241192248302066
0.75,0.0001,0.007599999707400012,0.00731458162481052,0.005287780325819046
0.76,0.0001,0.007699999699700013,0.0074071670431857094,0.0053339025225608554
0.77,0.0001,0.007799999691900014,0.007499659876142524,0.005379563497335247
0.78,0.0001,0.007899999684000014,0.007592060216266381,0.005424767862361895
0.79,0.0001,0.007999999676000014,0.007684368156050115,0.005469520183738277
0.8,0.0001,0.008099999667900013,0.007776583787894065,0.005513824981900894
0.81,0.0001,0.008199999659700013,0.007868707204106172,0.005557686732081886
0.8200000000000001,0.0001,0.008299999651400013,0.007960738496902065,0.005601109864761067
0.8300000000000001,0.0001,0.008399999643000013,0.008052677758405163,0.005644098766113457
0.84,0.0001,0.008499999634500013,0.008144525080646756,0.005686657778452322
0.85,0.0001,0.008599999625900013,0.008236280555566109,0.005728791200667799
0.86,0.0001,0.008699999617200013,0.008327944275010542,0.005770503288661121
0.87,0.0001,0.008799999608400014,0.008419516330735531,0.00581179825577451
0.88,0.0001,0.008899999599500014,0.008510996814404795,0.005852680273216765
0.89,0.0001,0.008999999590500013,0.00860238581759039,0.005893153470484597
0.9,0.0001,0.009099999581400012,0.008693683431772799,0.005933221935779752
0.91,0.0001,0.009199999572200012,0.008784889748341025,0.005972889716421955
0.92,0.0001,0.009299999562900011,0.008876004858592683,0.006012160819257736
0.93,0.0001,0.00939999955350001,0.008967028853734089,0.0060510392110651595
0.9400000000000001,0.0001,0.00949999954400001,0.009057961824880355,0.006089528818954508
0.9500000000000001,0.0001,0.00959999953440001,0.009148803863055473,0.006127633530764963
0.96,0.0001,0.00969999952470001,0.009239555059192417,0.006165357195457313
0.97,0.0001,0.00979999951490001,0.009330215504133224,0.00620270362350274
0.98,0.0001,0.00989999950500001,0.00942078528862909,0.006239676587267713
0.99,0.0001,0.00999999949500001,0.009511264503340462,0.006276279821395036
1.0,0.0001,0.010099999484900011,0.00960165323883712,0.0063125170231810865
1.01,0.10261234015377203,0.1127123395259597,0.11210177939921655,0.10783560860518358
1.02,0.12490312092615974,0.237615460214504,0.23676789542505092,0.2304113422360299
1.03,0.11492326527297006,0.35253872513493534,0.351339469537323,0.34188126143390996
1.04,0.1055530902195651,0.4580918148964086,0.4564356671971312,0.4429600081369403
1.05,0.09126229033228062,0.5493541046793351,0.5471502595718825,0.5288800754845286
1.06,0.08955005780741962,0.6389041618478506,0.6360636170619228,0.6122458319590288
1.07,0.09721974709182926,0.7361239082035559,0.7325500807895983,0.7023709232603494
1.08,0.10782564251099042,0.8439495498705967,0.8395353475772881,0.8020946001136265
1.09,0.09600322898018342,0.9399527779108273,0.934603037980914,0.8891168508028718
1.1,0.0904499275143015,1.0304027043947261,1.0240279125297205,0.9697711105340016
1.11,0.0949213211716434,1.1253240244410454,1.1178302844676624,1.0540455073885886
1.12,0.08808623481453563,1.2134102580421708,1.204710602762916,1.130710424781093
1.1300000000000001,0.08878905110070139,1.302199307840673,1.2922061542097538,1.2073044811229765
1.1400000000000001,0.10381941666359794,1.4060187230982524,1.3946295453024784,1.2980126588087086
1.1500000000000001,0.09759179072862138,1.5036105123232633,1.4907291146950687,1.3816484050419569
1.16,0.08769557633321702,1.591306087065174,1.5768462663372576,1.4546505415614222
1.17,0.08396152085639363,1.6752676062463,1.6591469794064577,1.5232259417936378
1.18,0.08861950572998512,1.763887110212398,1.7460187186513065,1.5957269930483866
1.19,0.10552816375896863,1.8694152721019515,1.849695335527865,1.6842426052392818
1.2,0.09781414774215641,1.9672294178768783,1.9455619737867513,1.7642361854516238
1.21,0.06536983672149206,2.032599252565771,2.0089208786977353,1.8113099619513846
1.22,0.09857623780076682,2.1311754882353617,2.105389619382003,1.89078733775463
1.23,0.1005454105038478,2.2317208965074884,2.203729094855965,1.971419420775893
1.24,0.09849318237031447,2.3302140765475885,2.299920054949053,2.0492134771147454
1.25,0.10708537228889113,2.43729944639918,2.404598421810706,2.1347358609096
1.26,0.11353638966098634,2.5508358335093306,2.515616676660221,2.2257895280648805
1.27,0.09665489851562054,2.6474907293774605,2.6096593036006657,2.299219982314696
1.28,0.10596466229576845,2.753455388919774,2.7129083419305378,2.38113279816436
1.29,0.11702238997333048,2.8704777760226268,2.8271008011719645,2.4731736362563135
1.3,0.0893341576155919,2.9598119306784065,2.9135185238287686,2.536882715933186
1.31,0.09286926643149336,3.0526811940572185,3.0033814024700014,2.6034544625410323
1.32,0.09084105500626993,3.143522245919966,3.091128235018795,2.6673525623718293
1.33,0.102354357455218,3.2458766001293076,3.190289109881539,2.7420098506287767
1.34,0.07348162655991863,3.319358223369868,3.2605069657050163,2.7873365624168085
1.35,0.12498717788694505,3.444345397812468,3.3821086494483694,2.883200502900716
1.36,0.09851932000893046,3.542864714278534,3.4771473414878424,2.95190262468055
1.37,0.08649856851795641,3.629363279167127,3.560082264095793,3.0080171812665215
1.3800000000000001,0.1094224496853321,3.738785725113673,3.6658352090673443,3.086265234642335
1.3900000000000001,0.10193597641968284,3.8407216976926346,3.7640034143015404,3.156319198951398
1.4000000000000001,0.11410494798571412,3.954826641723522,3.874230253924967,3.237719905467741
1.41,0.1268630226559522,4.081689660297784,3.9970921833043382,3.3309370988424565
1.42,0.10734814328444962,4.189037799393196,4.100335886262199,3.403902389705637
1.43,0.09802317996332703,4.287060975069462,4.194160707159301,3.4669063139722742
1.44,0.06874371189039617,4.355804682604053,4.258641514630647,3.5002935256040435
1.45,0.11934477850708697,4.475149456635991,4.373608306844597,3.5834419210700195
1.46,0.10857991987850896,4.5837293719307715,4.4777060384963825,3.655101622539043
1.47,0.10159365614314884,4.685323023388597,4.574720394944892,3.7191283258953702
1.48,0.1002564320111467,4.785579450614165,4.670301850129083,3.7811909103274517
1.49,0.10709641462931291,4.892675860350802,4.772620866493637,3.849404451707197
1.5,0.12750050081744313,5.020176356148069,4.895221245943769,3.9371359029993935
1.51,0.102307026542073,5.122483377567658,4.992530744213356,3.9990485002460514
1.52,0.09303583588863473,5.2155192082407735,5.080481013521889,4.051163492773339
1.53,0.09571937119338791,5.311238574122923,5.1710241843305615,4.10541403532706
1.54,0.09489077691614123,5.406129345632935,5.260649046285456,4.15830176412077
1.55,0.12775365939715952,5.533882999496211,5.383014302976933,4.24319486928275
1.56,0.13864533713091257,5.672528330954596,5.516137980467738,4.338021804349526
1.57,0.10476559164051842,5.77729391681782,5.615282668536148,4.398359522030144
1.58,0.07336326682640819,5.850657177793572,5.682957289427194,4.427005560967987
1.59,0.1097571253023004,5.960414297135458,5.786921700314765,4.491395059407584
1.6,0.06884887247497405,6.029263163581168,5.849914802216949,4.514641492563733
1.61,0.118238884384686,6.147502041818353,5.962185532915034,4.5865515731789355
1.62,0.11205887767772514,6.259560913236517,6.068170166182166,4.651624346348094
1.6300000000000001,0.08549596721586271,6.345056874107323,6.147512467264631,4.689749110428317
1.6400000000000001,0.09496869043024782,6.440025558097545,6.236238676537184,4.736870622849979
1.6500000000000001,0.08825420293268423,6.528279754501949,6.318168386590398,4.776873577524837
1.6600000000000001,0.12448125025469328,6.652760998103882,6.436206987208246,4.8523412795017355
1.67,0.08423710562733057,6.736998096994214,6.513923648742741,4.887212601277776
1.68,0.09536023743396105,6.832358327595816,6.602674602290525,4.93274711032462
1.69,0.11483043279349428,6.947188753442122,6.710787530048935,4.9971017676869325
1.7,0.11060627869436401,7.057795025078691,6.814572414934556,5.056630965917484
1.71,0.08227393441769681,7.1400689523563186,6.8899495030029,5.087515851331829
1.72,0.13033989932244391,7.270408844408354,7.01326911292302,5.16567719314773
1.73,0.08764950201706334,7.358058339067359,7.093817696325143,5.200793428213146
1.74,0.07350316268102974,7.431561494316828,7.160153538147167,5.221553624985234
1.75,0.10691166420185434,7.538473150980209,7.259798137146673,5.275180636295218
1.76,0.10413923874697305,7.64261238208457,7.356573438517752,5.325526676291769
1.77,0.10826576844939904,7.75087814278309,7.457374367760184,5.3794545202937565
1.78,0.09347792565282043,7.844356060591554,7.543301441119591,5.418203121487111
1.79,0.09693144382433455,7.941287496474601,7.632592652058982,5.459983219658331
1.8,0.11788050447032627,8.05916799288576,7.7427226833727785,5.522085086887371
1.81,0.07685507807874709,8.136023062828484,7.811758183690074,5.5429507633164565
1.82,0.11162712262214645,8.24765017720298,7.9154619210059085,5.598032107079217
1.83,0.10213058717678783,8.349780756029986,8.009574915674513,5.643161067313446
1.84,0.10546445721764533,8.455245204792385,8.106924333519265,5.69113926928578
1.85,0.09628081896522067,8.55152601520608,8.195001947332,5.729545887368491
1.86,0.10912606736185558,8.660652073907285,8.295823886679162,5.780285235183043
1.87,0.06494008581313353,8.725592150994826,8.352403208519805,5.786773067786215
1.8800000000000001,0.10049121814902898,8.826083360317773,8.444441532242166,5.828391643075892
1.8900000000000001,0.1059217540055094,8.932005105391276,8.541812922961428,5.874970263110587
1.9000000000000001,0.0976794280915321,9.029684524453124,8.630852858701907,5.912923194290098
1.9100000000000001,0.09304014708294696,9.122724662413347,8.71516911277907,5.945903707959315
1.92,0.12126792109939338,9.243992574268749,8.827600596844585,6.006499912768121
1.93,0.08590877576130287,9.329901340700149,8.904595863233281,6.03148460164413
1.94,0.10225545309406775,9.43215678436206,8.997844465011022,6.072402654190816
1.95,0.07303141649859697,9.50518819135547,9.061805005628111,6.083979729982518
1.96,0.10509068229942614,9.610278864044618,9.15772879223961,6.127179708159125
1.97,0.08434952056813179,9.694628374918121,9.232836234494934,6.149413936439984
1.98,0.0983985338240989,9.793026898949194,9.321903533550714,6.185334345561443
1.99,0.10504305958440958,9.898069948635532,9.417519646541987,6.2274736310943934
2.0,0.0001,9.898169938737363,9.408202026895445,6.165297894783449
2.0100000000000002,0.0001,9.898269928839092,9.39889372486855,6.103743915835614
2.02,0.0001,9.898369918940721,9.389594731143681,6.042805476677258
2.0300000000000002,0.0001,9.898469909042252,9.380305036412537,5.982476421910485
2.04,0.0001,9.898569899143682,9.371024631376125,5.92275065769138
2.05,0.0001,9.898669889245012,9.36175350674475,5.863622151114466
2.06,0.0001,9.898769879346242,9.352491653238005,5.805084929603321
2.07,0.0001,9.898869869447372,9.343239061584766,5.747133080307288
2.08,0.0001,9.898969859548401,9.33399572252318,5.689760749504215
2.09,0.0001,9.899069849649331,9.324761626800658,5.6329621420091724
2.1,0.0001,9.899169839750162,9.315536765173857,5.576731520589081
2.11,0.0001,9.899269829850892,9.306321128408683,5.521063205383189
2.12,0.0001,9.899369819951522,9.297114707280274,5.465951573329357
2.13,0.0001,9.899469810052052,9.287917492572994,5.411391057596063
2.14,0.0001,9.899569800152483,9.278729475080421,5.357376147020102
2.15,0.0001,9.899669790252812,9.26955064560534,5.303901385549901
2.16,0.0001,9.899769780353042,9.260380994959736,5.250961371694402
2.17,0.0001,9.899869770453172,9.251220513964775,5.198550757977458
2.18,0.0001,9.899969760553201,9.24206919345081,5.1466642503976825
2.19,0.0001,9.900069750653131,9.232927024257359,5.095296607893705
2.2,0.0001,9.900169740752961,9.223793997233102,5.0444426418147685
2.21,0.0001,9.900269730852692,9.21467010323587,4.9940972153966205
2.22,0.0001,9.900369720952321,9.205555333132633,4.9442552432426545
2.23,0.0001,9.900469711051851,9.1964496777995,4.894911690810228
2.24,0.0001,9.900569701151282,9.1873531281217,4.8460615739021256
2.25,0.0001,9.900669691250611,9.178265674993577,4.797699958163104
2.2600000000000002,0.0001,9.900769681349841,9.169187309318584,4.749821958581473
2.27,0.0001,9.900869671448971,9.160118022009264,4.702422738995658
2.2800000000000002,0.0001,9.900969661548002,9.151057803987255,4.655497511605701
2.29,0.0001,9.901069651646932,9.142006646183267,4.609041536489644
2.3000000000000003,0.0001,9.901169641745762,9.132964539537083,4.563050121124747
2.31,0.0001,9.901269631844492,9.123931474997546,4.517518619913499
2.32,0.0001,9.901369621943122,9.114907443522549,4.472442433714364
2.33,0.0001,9.901469612041652,9.105892436079026,4.42781700937722
2.34,0.0001,9.901569602140082,9.096886443642946,4.383637839283447
2.35,0.0001,9.901669592238413,9.087889457199303,4.339900460890613
2.36,0.0001,9.901769582336643,9.078901467742103,4.296600456281706
2.37,0.0001,9.901869572434773,9.069922466274361,4.253733451718889
2.38,0.0001,9.901969562532804,9.060952443808088,4.211295117201701
2.39,0.0001,9.902069552630733,9.051991391364279,4.169281166029683
2.4,0.0001,9.902169542728563,9.043039299972914,4.127687354369386
2.41,0.0001,9.902269532826294,9.034096160672942,4.086509480825692
2.42,0.0001,9.902369522923925,9.025161964512268,4.045743386017435
2.43,0.0001,9.902469513021455,9.016236702547756,4.00538495215726
2.44,0.0001,9.902569503118885,9.007320365845208,3.965430102635687
2.45,0.0001,9.902669493216216,8.998412945479362,3.9258748016093303
2.46,0.0001,9.902769483313445,8.989514432533882,3.886715053593237
2.47,0.0001,9.902869473410576,8.980624818101347,3.847946903057305
2.48,0.0001,9.902969463507606,8.971744093283245,3.809566434026732
2.49,0.0001,9.903069453604537,8.962872249189962,3.771569769686465
2.5,0.0001,9.903169443701367,8.954009276940772,3.7339530719896006
2.5100000000000002,0.0001,9.903269433798098,8.945155167663831,3.696712541269705
2.52,0.0001,9.903369423894729,8.936309912496167,3.659844415857008
2.5300000000000002,0.0001,9.903469413991258,8.927473502583672,3.623344971698438
2.54,0.0001,9.903569404087689,8.918645929081087,3.587210521981454
2.5500000000000003,0.0001,9.90366939418402,8.909827183152006,3.5514374167616394
2.56,0.0001,9.903769384280249,8.901017255968853,3.5160220425940234
2.57,0.0001,9.903869374376379,8.892216138712884,3.4809608221680834
2.58,0.0001,9.90396936447241,8.883423822574171,3.446250213946403
2.59,0.0001,9.90406935456834,8.874640298751597,3.411886711806939
2.6,0.0001,9.90416934466417,8.865865558452846,3.37786684468887
2.61,0.0001,9.904269334759901,8.857099592894393,3.3441871762419817
2.62,0.0001,9.904369324855532,8.848342393301499,3.310844304479562
2.63,0.0001,9.904469314951061,8.839593950908197,3.2778348614347665
2.64,0.0001,9.904569305046492,8.83085425695729,3.245155512820419
2.65,0.0001,9.904669295141822,8.822123302700332,3.2128029576922152
2.66,0.0001,9.904769285237053,8.81340107939763,3.1807739281152934
2.67,0.0001,9.904869275332183,8.804687578318232,3.1490651888341405
2.68,0.0001,9.904969265427214,8.795982790739913,3.1176735369457993
2.69,0.0001,9.905069255522145,8.787286707949173,3.0865958015763417
2.7,0.0001,9.905169245616975,8.778599321241224,3.0558288435605787
2.71,0.0001,9.905269235711705,8.769920621919983,3.025369555124973
2.72,0.0001,9.905369225806336,8.761250601298062,2.9952148595737236
2.73,0.0001,9.905469215900867,8.752589250696763,2.9653617109779864
2.74,0.0001,9.905569205995297,8.743936561446066,2.9358070938682066
2.75,0.0001,9.905669196089628,8.73529252488462,2.906548022929525
2.7600000000000002,0.0001,9.905769186183859,8.726657132359735,2.87758154270023
2.77,0.0001,9.905869176277989,8.718030375227375,2.8489047272732275
2.7800000000000002,0.0001,9.905969166372019,8.709412244852148,2.8205146800004957
2.79,0.0001,9.90606915646595,8.700802732607295,2.792408533200491
2.8000000000000003,0.0001,9.906169146559781,8.692201829874687,2.7645834478684863
2.81,0.0001,9.906269136653512,8.683609528044812,2.737036613389802
2.82,0.0001,9.906369126747142,8.675025818516767,2.709765247255904
2.83,0.0001,9.906469116840674,8.66645069269825,2.6827665947833452
2.84,0.0001,9.906569106934104,8.657884142005551,2.656037928835512
2.85,0.0001,9.906669097027434,8.649326157863547,2.6295765495471572
2.86,0.0001,9.906769087120665,8.640776731705683,2.6033797840516857
2.87,0.0001,9.906869077213797,8.632235854973977,2.577444986211169
2.88,0.0001,9.906969067306827,8.623703519119003,2.5517695363490573
2.89,0.0001,9.907069057399758,8.615179715599883,2.526350840985567
2.9,0.0001,9.907169047492589,8.606664435884282,2.5011863325757115
2.91,0.0001,9.90726903758532,8.598157671448398,2.476273469249955
2.92,0.0001,9.90736902767795,8.58965941377695,2.4516097345574557
2.93,0.0001,9.907469017770481,8.581169654363173,2.4271926372118813
2.94,0.0001,9.90756900786291,8.57268838470881,2.4030197108397626
2.95,0.0001,9.907668997955241,8.5642155963241,2.3790885137313653
2.96,0.0001,9.907768988047472,8.555751280727776,2.3553966285940517
2.97,0.0001,9.907868978139604,8.547295429447049,2.3319416623081115
2.98,0.0001,9.907968968231634,8.538848034017601,2.308721245685031
2.99,0.0001,9.908068958323565,8.530409085983583,2.2857330332281807
3.0,0.0001,9.908168948415396,8.521978576897599,2.262974702895899
3.0100000000000002,0.09663499240881841,10.00480393081941,8.609994955737111,2.3360135983516703
3.02,0.10411434219519396,10.108918262905686,8.705395188634373,2.4157266611413957
3.0300000000000002,0.07812764867267354,10.187045901391313,8.77473931446974,2.4689157667159285
3.04,0.12822352119844682,10.31526941227449,8.894059872832518,2.5711678950352317
3.0500000000000003,0.1094464911070558,10.424715892956831,8.994502857575634,2.6538082422808644
3.06,0.11333237532400904,10.538048257742792,9.098727397666744,2.739469211428825
3.0700000000000003,0.08097876708918694,10.619027014212952,9.170526458591175,2.7922434987328315
3.08,0.09762936746386819,10.716656370960164,9.258887670228988,2.8609741375347326
3.09,0.09573659071293639,10.812392950860708,9.345269636680984,2.927143620965192
3.1,0.1092264379330285,10.921619377872117,9.445041578539398,3.0060063583092385
3.11,0.09409938418557606,11.015718751041975,9.529601821762249,3.0691046850698664
3.12,0.11053362268280625,11.12625236259853,9.630495309000612,3.1478419246751463
3.13,0.09397626626326135,11.220228617641563,9.714747103688609,3.2094000090290233
3.14,0.11612794257554562,11.336356548880753,9.82104417121789,3.292272672088523
3.15,0.11902852420355813,11.455385061628927,9.930132622726028,3.3771881843291602
3.16,0.11684703697015886,11.572232087026853,10.03693268003649,3.459094869086326
3.17,0.10546222801201638,11.677694303361175,10.132252513140457,3.528911526127359
3.18,0.14216722352821665,11.819861515069531,10.264145316932005,3.6343679621590197
3.19,0.11195084058691979,11.931812343724639,10.365720061361406,3.7088556147184804
3.2,0.08474752218305193,12.016559853891131,10.440017115960915,3.7556671055325173
3.21,0.11054674312216295,12.127106584886187,10.540013295223995,3.8275517101681333
3.22,0.09378858110531786,12.220895153770611,10.623168074452984,3.882126888360717
3.23,0.12025626719269183,12.341151408622151,10.73268091730403,3.9623593239978745
3.24,0.08725799181539629,12.42840938800914,10.809118970210308,4.009121142655139
3.25,0.10263693985743699,12.53104631533553,10.900844154157678,4.07064050168745
3.2600000000000002,0.09304688095903964,12.624093183670476,10.982897144081601,4.122050508820024
3.27,0.0881330559318699,12.71222622689012,11.059959169813457,4.168081729104375
3.2800000000000002,0.07882515227846104,12.791051366377529,11.127645537769824,4.204437812569008
3.29,0.1237123093218081,12.914763662784573,11.24010648924454,4.284868620671908
3.3000000000000003,0.09468195521255476,13.00944560498768,11.323453656012637,4.335755070125618
3.31,0.09442872399571041,13.103874315879517,11.406464497628338,4.385881956180115
3.3200000000000003,0.09177985337999289,13.195654156063856,11.486746106657323,4.432885191464507
3.33,0.10448711434198087,13.300141257105695,11.579641987778304,4.4919985827484235
3.34,0.09728557118200393,13.397426814890272,11.665250631401348,4.543391312391123
3.35,0.10030649968488839,13.497733301077428,11.75379157395515,4.597260833955252
3.36,0.10085725761281486,13.598590545091652,11.842794182736396,4.6511369106523865
3.37,0.11060866294902355,13.709199194331475,11.941449442839733,4.714128117865396
3.38,0.09341244172106633,13.802611622249929,12.022827022676239,4.7594651539905986
3.39,0.12193197853099687,13.924543586856382,12.132614242206028,4.832583161196379
3.4,0.1145663234782026,14.039109896295475,12.234933385118547,4.897677989827836
3.41,0.10797803759719965,14.147087919745587,12.33056851129303,4.955599467150785
3.42,0.08894200665330951,14.236029912162868,12.407091007428395,4.994096059066053
3.43,0.09732486885894122,14.333354766688455,12.491911460411048,5.040506718645745
3.44,0.11164718667195815,14.44500193891541,12.590955088435923,5.100632366264526
3.45,0.07585343159383484,14.52085535598839,12.654141711509729,5.1247209398797775
3.46,0.10418060391591061,14.625035945279265,12.745563993110213,5.176612528357731
3.47,0.11043233010714681,14.735468260650944,12.843140326894142,5.234174409880229
3.48,0.10081822717272058,14.836286472987377,12.931014595512796,5.28164271068242
3.49,0.10828940235910811,14.94457586040191,13.026264693874033,5.336032791911113
3.5,0.07704517750939786,15.021621022889686,13.090206561512048,5.3589471897263055
3.5100000000000002,0.10568585185836486,15.127306859620743,13.182696520957041,5.409986711168823
3.52,0.12929540508865764,15.256602249452797,13.298679934119653,5.483889295094906
3.5300000000000002,0.09527541271441776,15.351877646815337,13.380561391487237,5.523373060731231
3.54,0.11113232182179555,15.463009953174122,13.478202019595724,5.578160328727496
3.5500000000000003,0.11937695940880005,15.582386897000536,13.58398140002552,5.640561915254934
3.56,0.1079000828329158,15.690286964143166,13.678189601375578,5.690977378106971
3.5700000000000003,0.08447962717441837,15.774766575542818,13.748906559321448,5.717702435228575
3.58,0.1098972269183536,15.884663786576509,13.844944982453562,5.76932366552546
3.59,0.08849494995768686,15.973158720561036,13.919506492478837,5.799240429328314
3.6,0.12160988727777983,16.094768591744046,14.02707526337686,5.861641813440033
3.61,0.10287077960066263,16.19763935514707,14.115816096934545,5.9048674671102885
3.62,0.10747653286710755,16.305115871709063,14.209069337171849,5.952220559977622
3.63,0.10051551115141502,16.405631366454845,14.29527526347494,5.992208710417747
3.64,0.10641167218333557,16.512043022126136,14.387285248722618,6.037634178775071
3.65,0.09412579223322795,16.606168797753195,14.46692962991489,6.070442371298216
3.66,0.11478524159477195,16.720954022627012,14.567133156638153,6.123375336764059
3.67,0.08374703944883448,16.804701045271145,14.636229315890901,6.145051152450764
3.68,0.09812411696497678,16.9028251453333,14.719619079423023,6.1807435167215825
3.69,0.10034054784080476,17.003165676170937,14.805139667636563,6.218273223916763
3.7,0.09604053591790092,17.09920619498963,14.886279023350909,6.251170622236318
3.71,0.11055866972983289,17.2097648475097,14.981840855387661,6.298111999046489
3.72,0.08630976685043311,17.29607459706406,15.053082471615857,6.320577548237952
3.73,0.09159896865213675,17.38767354832852,15.129536758827728,6.348054751721188
3.74,0.0749984092809427,17.462671940146794,15.189330632940562,6.358822629392109
3.75,0.08832154441531799,17.55099346701112,15.262374525178526,6.382672732069353
3.7600000000000002,0.12252158253674672,17.673515031874352,15.369511211607557,6.4401423714600385
3.77,0.08409288402183808,17.757607898138584,15.438150491533767,6.458992902927058
3.7800000000000002,0.08446292993904092,17.842070810235555,15.507090808051336,6.478021274537437
3.79,0.07664226007492358,17.918713052391766,15.568149335058132,6.489116899266238
3.8000000000000003,0.10888769663451746,18.02760073099868,15.661359994660957,6.532024549941747
3.81,0.10630157196202512,18.133902284826803,15.75189390505636,6.571942860684735
3.8200000000000003,0.09627496982959521,18.23017723642622,15.83232070601107,6.601535652209187
3.83,0.10947815645532039,18.339655374541884,15.925857063603925,6.6439036705778625
3.84,0.08903575121940203,18.428691107332597,15.998877922008504,6.665610027579292
3.85,0.13150482402642968,18.56019591279883,16.114252363288898,6.729143703089664
3.86,0.082915179008892,18.64311107316461,16.180970374755493,6.743938293277571
3.87,0.11379464446001253,18.756905698867715,16.27847025419629,6.7891556083602085
3.88,0.10336523650629431,18.86027091651374,16.365453655211883,6.8235956364178385
3.89,0.11569518643459392,18.975966083972367,16.46466769280483,6.869897914623908
3.9,0.11822311330188134,19.09418917818006,16.566307915300605,6.918239817646532
3.91,0.0987098240272059,19.192898983014366,16.648352721588484,6.946780145257001
3.92,0.11273328445878728,19.305632248167523,16.744324920041226,6.98891829541863
3.93,0.09419771781746243,19.399829946585154,16.82168411522083,7.012284853103732
3.94,0.11263969878703117,19.512469625859715,16.91738949019385,7.053675306371856
3.95,0.07588416778484358,19.588353774056205,16.976280384320717,7.058263879415132
3.96,0.08206383685173554,19.670417591237523,17.041285876951278,7.068924439104198
3.97,0.10758892986379519,19.77800650132331,17.13172593200826,7.104748235278314
3.98,0.11355707064972034,19.891563552081468,17.22803771965532,7.146122252868754
3.99,0.10992309561996161,20.001486627699943,17.320622854460005,7.183484895003828
4.0,0.0001,20.001586607698357,17.303402131605544,7.11174904605379
4.01,0.0001,20.00168658769667,17.28619862947394,7.040730555593251
4.0200000000000005,0.0001,20.001786567694886,17.269012330844465,6.970422250037319
4.03,0.0001,20.001886547692997,17.25184321851362,6.900817027536945
4.04,0.0001,20.00198652769101,17.234691275295106,6.831907857261576
4.05,0.0001,20.002086507688922,17.21755648401981,6.7636877786889595
4.0600000000000005,0.0001,20.002186487686735,17.200438827535788,6.6961499009020695
4.07,0.0001,20.00228646768445,17.183338288708253,6.629287401893048
4.08,0.0001,20.002386447682063,17.166254850419545,6.563093527874118
4.09,0.0001,20.002486427679578,17.149188495569124,6.4975615925953765
4.1,0.0001,20.00258640767699,17.132139207073553,6.432684976669423
4.11,0.0001,20.002686387674302,17.11510696786648,6.368457126902729
4.12,0.0001,20.002786367671515,17.098091760898615,6.304871555633701
4.13,0.0001,20.00288634766863,17.081093569137717,6.241921840077364
4.14,0.0001,20.002986327665642,17.06411237556858,6.17960162167659
4.15,0.0001,20.003086307662556,17.04714816319301,6.117904605459824
4.16,0.0001,20.00318628765937,17.030200915029816,6.056824559405225
4.17,0.0001,20.003286267656083,17.013270614114788,5.996355313811173
4.18,0.0001,20.003386247652696,16.996357243500672,5.936490760673061
4.19,0.0001,20.00348622764921,16.97946078625717,5.87722485306633
4.2,0.0001,20.003586207645622,16.962581225470913,5.818551604535666
4.21,0.0001,20.003686187641936,16.94571854424544,5.760465088490309
4.22,0.0001,20.00378616763815,16.928872725701197,5.702959437605406
4.23,0.0001,20.003886147634265,16.912043752975496,5.6460288432293515
4.24,0.0001,20.003986127630277,16.89523160922252,5.589667554797058
4.25,0.0001,20.00408610762619,16.878436277613297,5.533869879249087
4.26,0.0001,20.004186087622003,16.861657741335684,5.478630180456596
4.2700000000000005,0.0001,20.004286067617716,16.84489598359435,5.42394287865203
4.28,0.0001,20.00438604761333,16.828150987610755,5.369802449865509
4.29,0.0001,20.004486027608845,16.811422736623143,5.3162034253668535
4.3,0.0001,20.00458600760426,16.79471121388652,5.263140391113184
4.3100000000000005,0.0001,20.004685987599572,16.77801640267263,5.210607987202052
4.32,0.0001,20.004785967594785,16.761338286269957,5.158600907330031
4.33,0.0001,20.004885947589898,16.744676847983687,5.107113898256731
4.34,0.0001,20.00498592758491,16.728032071135704,5.056141759274164
4.3500000000000005,0.0001,20.005085907579826,16.711403939064567,5.005679341681422
4.36,0.0001,20.00518588757464,16.694792435125503,4.9557215482646075
4.37,0.0001,20.005285867569356,16.678197542690377,4.906263332781961
4.38,0.0001,20.005385847563968,16.661619245147687,4.857299699454141
4.39,0.0001,20.00548582755848,16.64505752590254,4.8088257024595995
4.4,0.0001,20.005585807552894,16.628512368376636,4.760836445435003
4.41,0.0001,20.005685787547208,16.61198375600826,4.713327080980653
4.42,0.0001,20.005785767541422,16.595471672252252,4.666292810170846
4.43,0.0001,20.005885747535537,16.57897610058,4.619728882069138
4.44,0.0001,20.005985727529552,16.56249702447942,4.5736305932484465
4.45,0.0001,20.006085707523464,16.54603442745494,4.527993287315962
4.46,0.0001,20.006185687517277,16.529588293027487,4.482812354442801
4.47,0.0001,20.00628566751099,16.51315860473446,4.438083230898373
4.48,0.0001,20.006385647504604,16.496745346129725,4.393801398589389
4.49,0.0001,20.00648562749812,16.480348500783595,4.3499623846034945
4.5,0.0001,20.006585607491534,16.463968052282812,4.306561760757459
4.51,0.0001,20.00668558748485,16.44760398423053,4.263595143149884
4.5200000000000005,0.0001,20.00678556747806,16.4312562802463,4.221058191718385
4.53,0.0001,20.006885547471175,16.41492492396605,4.178946609801201
4.54,0.0001,20.006985527464188,16.398609899042086,4.137256143703189
4.55,0.0001,20.007085507457102,16.382311189143042,4.095982582266156
4.5600000000000005,0.0001,20.007185487449917,16.3660287779539,4.055121756443494
4.57,0.0001,20.00728546744263,16.349762649175947,4.014669538879059
4.58,0.0001,20.007385447435247,16.33351278652677,3.9746218434902683
4.59,0.0001,20.00748542742776,16.317279173740246,3.9349746250553657
4.6000000000000005,0.0001,20.007585407420173,16.301061794566508,3.8957238788048123
4.61,0.0001,20.007685387412486,16.28486063277194,3.8568656400167645
4.62,0.0001,20.0077853674047,16.26867567213917,3.818395983616597
4.63,0.0001,20.007885347396815,16.252506896467033,3.780311023780431
4.64,0.0001,20.00798532738883,16.236354289570563,3.742606913542627
4.65,0.0001,20.008085307380746,16.22021783528099,3.705279844407201
4.66,0.0001,20.008185287372562,16.20409751744571,3.6683260459631293
4.67,0.0001,20.008285267364275,16.187993319928264,3.631741785503498
4.68,0.0001,20.00838524735589,16.171905226608335,3.5955233676484633
4.69,0.0001,20.008485227347403,16.155833221381727,3.559667133971979
4.7,0.0001,20.008585207338818,16.139777288160346,3.5241694626322593
4.71,0.0001,20.008685187330133,16.123737410872184,3.489026768005937
4.72,0.0001,20.00878516732135,16.10771357346131,3.454235500325878
4.73,0.0001,20.008885147312466,16.091705759887848,3.419792145322619
4.74,0.0001,20.00898512730348,16.07571395412796,3.385693223869393
4.75,0.0001,20.009085107294393,16.05973814017383,3.3519352916306993
4.76,0.0001,20.009185087285207,16.043778302033658,3.3185149387143924
4.7700000000000005,0.0001,20.009285067275922,16.027834423731623,3.2854287893272485
4.78,0.0001,20.009385047266537,16.01190648930789,3.2526735014339763
4.79,0.0001,20.009485027257053,15.995994482818581,3.220245766419637
4.8,0.0001,20.00958500724747,15.980098388335762,3.188142308755441
4.8100000000000005,0.0001,20.009684987237783,15.964218189947426,3.1563598856678867
4.82,0.0001,20.009784967227997,15.948353871757478,3.124895286811208
4.83,0.0001,20.00988494721811,15.93250541788572,3.093745333943096
4.84,0.0001,20.009984927208126,15.916672812467834,3.0629068806036654
4.8500000000000005,0.0001,20.010084907198042,15.900856039655366,3.032376811797629
4.86,0.0001,20.010184887187858,15.885055083615711,3.002152043679653
4.87,0.0001,20.010284867177575,15.869269928532095,2.9722295232428566
4.88,0.0001,20.010384847167188,15.853500558603562,2.9426062280104284
4.89,0.0001,20.010484827156702,15.837746958044958,2.9132791657303243
4.9,0.0001,20.010584807146117,15.822009111086913,2.8842453740730214
4.91,0.0001,20.010684787135432,15.806287001975827,2.8555019203322916
4.92,0.0001,20.010784767124647,15.79058061497385,2.827045901128969
4.93,0.0001,20.010884747113764,15.774889934358876,2.7988744421176794
4.94,0.0001,20.01098472710278,15.759214944424517,2.7709846976965027
4.95,0.0001,20.011084707091694,15.743555629480092,2.743373850719538
4.96,0.0001,20.011184687080508,15.727911973850611,2.716039112212343
4.97,0.0001,20.011284667069223,15.71228396187676,2.6889777210902195
4.98,0.0001,20.011384647057838,15.696671577914884,2.6621869438793175
4.99,0.0001,20.011484627046354,15.68107480633697,2.6356640744405246
5.0,0.0001,20.01158460703477,15.665493631530632,2.60940643369612
5.01,0.10957720197269392,20.1211617888863,15.759295762669822,2.6917937993121255
5.0200000000000005,0.11355328039916762,20.234715049050752,15.856976194025922,2.77729360891418
5.03,0.1186621333282028,20.35337716202558,15.95966268902677,2.866996184819959
5.04,0.10738801035602819,20.460765151920846,16.050983648683413,2.944640353224228
5.05,0.10337732116716865,20.56414245252387,16.138206608880733,3.0175374976474822
5.0600000000000005,0.08796907890889204,20.65211151078065,16.209949512101833,3.0744515107908104
5.07,0.09968101716102684,20.751792507189887,16.293320898733597,3.142391202672319
5.08,0.09992426412357176,20.851716750461744,16.376851917694314,3.2098923121279315
5.09,0.10110921085009397,20.952825940359013,16.461483167415864,3.277891507748245
5.1000000000000005,0.08401892181747611,21.036844841139647,16.52895658714411,3.328291325270064
5.11,0.09468639265920846,21.131531212667326,16.607019336823516,3.3887479407499796
5.12,0.0980485598022322,21.22957975123998,16.688362828729122,3.4519285355466898
5.13,0.11410131299196749,21.343681042888267,16.785661677579366,3.530369550053271
5.14,0.09173630502792858,21.435417326480778,16.860520584624688,3.5858847965303875
5.15,0.07934019482239008,21.51475749978841,16.92292091866763,3.6285727414392497
5.16,0.12384743397734073,21.638604912127143,17.02972158429232,3.7148959736624247
5.17,0.10587097504857786,21.744475865431244,17.118456966781558,3.7825592792238925
5.18,0.10139441746136842,21.84587026104674,17.202631532858682,3.8451141597184084
5.19,0.10452901232353068,21.950399251419874,17.28985338463703,3.9101467403215198
5.2,0.12490579352606407,22.075305022870634,17.397344418984932,3.9947020085091083
5.21,0.07370639040912001,22.149011391130745,17.45357975858466,4.027724314929046
5.22,0.09760625276865877,22.24661762165279,17.533634825341966,4.0840772620207275
5.23,0.08962470237564296,22.33624230169219,17.605636268189894,4.131964944752406
5.24,0.12445851751872246,22.460700796750213,17.712364690922907,4.213859227648418
5.25,0.10796011026938568,22.56866088445094,17.8025044763911,4.278601144538626
5.26,0.09573550381508514,22.66439636560163,17.88034174022598,4.330593281870174
5.2700000000000005,0.08790751474902384,22.75230385759835,17.95028100572003,4.374315788653006
5.28,0.10917013183751248,22.861473966574387,18.041391686419985,4.438651061285613
5.29,0.10295068520354303,22.964424628813504,18.126198029251903,4.496185729024265
5.3,0.08967446115054589,23.054099066909952,18.19765661791205,4.540001588273062
5.3100000000000005,0.12726709333088182,23.181366137059467,18.306598787531687,4.620595994787904
5.32,0.13047074595517405,23.311836859702805,18.418632463953376,4.703556073335648
5.33,0.08903849152652678,23.400875327828455,18.489163284524423,4.744668619213552
5.34,0.11979507368234654,23.520670377990132,18.590349399848563,4.81581905596694
5.3500000000000005,0.10186451511845336,23.622534869486053,18.67352170105205,4.86850673537454
5.36,0.094934513225151,23.717469358993736,18.749687758062922,4.913806836113694
5.37,0.10296546689281486,23.820434802066117,18.833800571730784,4.966604579976444
5.38,0.11483528324329528,23.93527006137414,18.929687219119103,5.0306254645875415
5.39,0.09877122538546036,24.03404126272556,19.009429986060056,5.078102723073272
5.4,0.0881135337318651,24.122154772335268,19.07844597627213,5.114554094237085
5.41,0.10492776204309442,24.22708251015128,19.164190364576907,5.167287037717378
5.42,0.07984255562483154,24.30692504146919,19.224788887281537,5.194658297408787
5.43,0.10703506697278818,24.413960084028016,19.312492130300072,5.248676430737759
5.44,0.07879351176294858,24.492753571298213,19.37189435642096,5.274195243075701
5.45,0.11047074761354386,24.603224294308532,19.462882738930467,5.330819330782352
5.46,0.10767347187140103,24.710897741469037,19.550985654591067,5.384107874627215
5.47,0.09915965862086153,24.810057375279843,19.63049516789872,5.428434857915596
5.48,0.1137144820766113,24.92377183243268,19.724465440325353,5.486727846592285
5.49,0.11847263519925587,25.042244442589695,19.823095137449087,5.549148476973626
5.5,0.08295089979692805,25.125195317261426,19.88613999120877,5.575778383002848
5.51,0.10047932855314629,25.225674620588897,19.96663270044215,5.6194951344404345
5.5200000000000005,0.10371509454692918,25.329389689806437,20.05027744719409,5.665978126697491
5.53,0.11981366256528383,25.449203326922518,20.149921018649618,5.727933871370147
5.54,0.09603539069092704,25.545238692068207,20.225710452931203,5.765729569440463
5.55,0.08821011223058664,25.633448778665347,20.29360664459663,5.795400284854339
5.5600000000000005,0.09813021468672634,25.731578967620493,20.37134512242407,5.834595194545655
5.57,0.09441057020855015,25.82598951200305,20.445289936939986,5.869715707106664
5.58,0.08172030099208066,25.907709787087423,20.506483227694137,5.891921648017758
5.59,0.10866877726346527,26.016378538334507,20.594536852952643,5.94058452102841
5.6000000000000005,0.1066748746512471,26.1230533868627,20.680510515876286,5.986786801722861
5.61,0.10701439029607121,26.230067750928704,20.766737381266186,6.032863180098743
5.62,0.10052537485962648,26.330593099457737,20.846395493369684,6.072054669408786
5.63,0.12726893394978223,26.457862006949657,20.952690762892146,6.137330367324982
5.64,0.11429106602167463,26.57215304639918,21.04591484708491,6.18910521901319
5.65,0.08932799838577449,26.66148101812347,21.11410760262521,6.215648885224976
5.66,0.10334281030946627,26.764823801668115,21.196232962521744,6.255801778579098
5.67,0.0909766414916879,26.855800416304003,21.26592239440942,6.283310635870078
5.68,0.10196434568866111,26.9577647350349,21.34651885335798,6.321422231743152
5.69,0.10814885157344863,27.065913559542437,21.4332130372265,6.365275372483435
5.7,0.08898162258230148,27.154895154969847,21.500672465148995,6.389714425115079
5.71,0.11156423781847591,27.266459365521865,21.590624466264504,6.436265876304219
5.72,0.09899810297280076,27.365457441129205,21.667932946668067,6.469911339484249
5.73,0.08392429079038832,27.449381704470213,21.730105380220998,6.488297273971891
5.74,0.09835423108864995,27.547735908011127,21.806631151698337,6.520784990009935
5.75,0.07734404466856966,27.625079925054617,21.86209122117054,6.53214774433172
5.76,0.11589094682520128,27.740970844138847,21.956004185827744,6.581558304245353
5.7700000000000005,0.11694257635113836,27.85791339263207,22.050873815416704,6.631515871790526
5.78,0.1051873531461183,27.963100717815088,22.13390510739426,6.669336192687278
5.79,0.09787755767031364,28.060978247424423,22.20955088239951,6.699541612854016
5.8,0.113527681305089,28.17450590055501,22.300755485140893,6.744938601217514
5.8100000000000005,0.08717240816933973,28.26167828046267,22.365539965416925,6.763789899292986
5.82,0.10334914129279632,28.36502739339044,22.446420217603013,6.798467650179925
5.83,0.1070279925938673,28.472055357512254,22.530894761986684,6.836440686346053
5.84,0.1059230418091942,28.57797837074347,22.614180985992082,6.872940090873695
5.8500000000000005,0.13911036095352358,28.717088702979904,22.73053805559866,6.941929947308947
5.86,0.09968069123540631,28.816769365398542,22.807388528087234,6.9711945321589095
5.87,0.08111153896181907,28.89788087546248,22.865611566982004,6.981783010409521
5.88,0.09867592552389398,28.996556771989816,22.94132320501339,7.009654346574081
5.89,0.10105535631697221,29.097612099209176,23.01933618276903,7.039602605862142
5.9,0.10358598230782923,29.201198052315807,23.099799242911786,7.071756702288272
5.91,0.10423531096459666,29.30543333397497,23.180830519322505,7.1042320931203395
5.92,0.10264272623001403,29.408076030796906,23.260189772306965,7.13480607115685
5.93,0.10354469203259034,29.511620693317873,23.340370729875215,7.165967255557547
5.94,0.08906044327904475,29.600681106996237,23.406001741981104,7.182477421848225
5.95,0.09430260567761913,29.694983682978872,23.476804043311063,7.204012227250586
5.96,0.07765218618900505,29.772635839395242,23.530901773270568,7.208847769305195
5.97,0.09194400665820004,29.86457981618886,23.599222934148838,7.227783858203761
5.98,0.09749539417870019,29.96207518040549,23.67302160999921,7.252026459858636
5.99,0.10335378067699307,30.065428931017053,23.75259901528553,7.281826438130273
6.0,0.0001,30.065528900951524,23.728946316270243,7.20910717374897
6.01,0.0001,30.065628870885895,23.705317269953973,7.137115102011481
6.0200000000000005,0.0001,30.065728840820167,23.681711852684018,7.065842950991366
6.03,0.0001,30.06582881075434,23.658130040831335,6.9952835214814515
6.04,0.0001,30.06592878068841,23.634571810790504,6.925429686266637
6.05,0.0001,30.06602875062238,23.611037138979714,6.85627438940397
6.0600000000000005,0.0001,30.06612872055625,23.587526001840736,6.78781064550993
6.07,0.0001,30.06622869049002,23.564038375838894,6.720031539054831
6.08,0.0001,30.066328660423693,23.540574237463055,6.652930223664282
6.09,0.0001,30.066428630357265,23.517133563225592,6.586499921427639
6.1000000000000005,0.0001,30.066528600290738,23.493716329662366,6.5207339222133625
6.11,0.0001,30.066628570224108,23.470322513332704,6.455625582991229
6.12,0.0001,30.066728540157378,23.44695209081937,6.391168327161316
6.13,0.0001,30.06682851009055,23.42360503872855,6.327355643889703
6.140000000000001,0.0001,30.06692848002362,23.400281333689822,6.2641810874508055
6.15,0.0001,30.06702844995659,23.37698095235613,6.201638276576297
6.16,0.0001,30.067128419889464,23.353703871403773,6.139720893810534
6.17,0.0001,30.067228389822237,23.330450067532368,6.078422684872428
6.18,0.0001,30.067328359754907,23.307219517464837,6.017737458023704
6.19,0.0001,30.067428329687477,23.284012197947373,5.957659083443467
6.2,0.0001,30.067528299619948,23.260828085749424,5.898181492609032
6.21,0.0001,30.06762826955232,23.237667157663672,5.839298677682941
6.22,0.0001,30.06772823948459,23.21452939050601,5.781004690906111
6.23,0.0001,30.067828209416763,23.191414761115503,5.72329364399705
6.24,0.0001,30.067928179348836,23.168323246354387,5.66615970755708
6.25,0.0001,30.068028149280806,23.145254823108033,5.609597110481509
6.26,0.0001,30.068128119212677,23.122209468284925,5.553600139376694
6.2700000000000005,0.0001,30.068228089144448,23.09918715881664,5.498163137982926
6.28,0.0001,30.06832805907612,23.076187871657822,5.443280506603097
6.29,0.0001,30.06842802900769,23.053211583786165,5.388946701537066
6.3,0.0001,30.068527998939164,23.030258272202378,5.335156234521695
6.3100000000000005,0.0001,30.068627968870537,23.007327913930176,5.281903672176478
6.32,0.0001,30.068727938801807,22.984420486016244,5.229183635454713
6.33,0.0001,30.068827908732978,22.961535965530228,5.176990799100166
6.34,0.0001,30.06892787866405,22.938674329564698,5.1253198911091635
6.3500000000000005,0.0001,30.06902784859502,22.915835555235134,5.074165692198072
6.36,0.0001,30.069127818525892,22.893019619679897,5.023523035276091
6.37,0.0001,30.069227788456665,22.870226500060216,4.97338680492333
6.38,0.0001,30.069327758387338,22.847456173560154,4.923751936874097
6.390000000000001,0.0001,30.069427728317912,22.824708617386595,4.874613417505356
6.4,0.0001,30.069527698248383,22.801983808769208,4.825966283330302
6.41,0.0001,30.069627668178754,22.779281724960438,4.7778056204969985
6.42,0.0001,30.069727638109025,22.75660234323548,4.7301265642920285
6.43,0.0001,30.069827608039198,22.73394564089224,4.682924298649108
6.44,0.0001,30.06992757796927,22.71131159525135,4.636194055662616
6.45,0.0001,30.070027547899244,22.6887001836561,4.58993111510599
6.46,0.0001,30.070127517829118,22.666111383472444,4.544130803954929
6.47,0.0001,30.07022748775889,22.64354517208897,4.49878849591538
6.48,0.0001,30.07032745768856,22.62100152691688,4.453899610956226
6.49,0.0001,30.07042742761813,22.598480425389965,4.409459614846663
6.5,0.0001,30.070527397547604,22.575981844964573,4.365464018698196
6.51,0.0001,30.070627367476977,22.55350576311961,4.321908378511214
6.5200000000000005,0.0001,30.07072733740625,22.53105215735649,4.278788294726102
6.53,0.0001,30.070827307335424,22.508621005199135,4.236099411778841
6.54,0.0001,30.070927277264495,22.486212284193936,4.193837417661052
6.55,0.0001,30.071027247193467,22.463825971909742,4.151998043484441
6.5600000000000005,0.0001,30.07112721712234,22.441462045937833,4.110577063049596
6.57,0.0001,30.07122718705111,22.419120483891895,4.069570292419099
6.58,0.0001,30.071327156979784,22.396801263408,4.028973589494908
6.59,0.0001,30.071427126908358,22.37450436214459,3.9887828535999583
6.6000000000000005,0.0001,30.07152709683683,22.352229757782446,3.948994025063959
6.61,0.0001,30.071627066765203,22.329977428024662,3.9096030848133196
6.62,0.0001,30.071727036693474,22.30774735059664,3.8706060539651865
6.63,0.0001,30.071827006621646,22.285539503246042,3.8319989934255347
6.640000000000001,0.0001,30.07192697654972,22.263353863742797,3.79377800349128
6.65,0.0001,30.072026946477692,22.241190409879053,3.7559392234563673
6.66,0.0001,30.072126916405566,22.219049119469172,3.718478831221804
6.67,0.0001,30.07222688633334,22.196929970349704,3.681393042909586
6.68,0.0001,30.07232685626101,22.174832940379353,3.6446781124804906
6.69,0.0001,30.072426826188583,22.152758007438972,3.608330331355686
6.7,0.0001,30.072526796116055,22.130705149431535,3.5723460280421295
6.71,0.0001,30.072626766043427,22.108674344282104,3.5367215677617083
6.72,0.0001,30.0727267359707,22.08666556993782,3.5014533520840914
6.73,0.0001,30.072826705897874,22.064678804367883,3.4665378185632507
6.74,0.0001,30.07292667582495,22.042714025563516,3.4319714403776183
6.75,0.0001,30.073026645751924,22.02077121153795,3.397750725973842
6.76,0.0001,30.073126615678795,21.998850340326413,3.363872218714104
6.7700000000000005,0.0001,30.073226585605568,21.976951389986088,3.330332496526963
6.78,0.0001,30.07332655553224,21.955074338596102,3.2971281715616936
6.79,0.0001,30.073426525458814,21.933219164257505,3.2642558898460767
6.8,0.0001,30.073526495385288,21.911385845093246,3.2317123309476163
6.8100000000000005,0.0001,30.073626465311662,21.889574359248154,3.1994942076381405
6.82,0.0001,30.073726435237937,21.867784684888907,3.167598265561759
6.83,0.0001,30.07382640516411,21.84601680020402,3.1360212829061416
6.84,0.0001,30.07392637509018,21.824270683403814,3.1047600700770803
6.8500000000000005,0.0001,30.074026345016154,21.80254631272041,3.07381146937631
6.86,0.0001,30.074126314942028,21.780843666407687,3.043172354682547
6.87,0.0001,30.0742262848678,21.75916272274128,3.012839631135722
6.88,0.0001,30.074326254793476,21.737503460018537,2.982810234824365
6.890000000000001,0.0001,30.07442622471905,21.71586585655852,2.9530811324761217
6.9,0.0001,30.074526194644523,21.69424989070196,2.923649321151361
6.91,0.0001,30.074626164569896,21.67265554081126,2.8945118279398474
6.92,0.0001,30.07472613449517,21.651082785270447,2.865665709660449
6.93,0.0001,30.074826104420342,21.629531602485176,2.8371080525638446
6.94,0.0001,30.074926074345417,21.60800197088269,2.808835972038206
6.95,0.0001,30.07502604427039,21.586493868911806,2.7808466123178244
6.96,0.0001,30.075126014195266,21.565007275042895,2.7531371461946463
6.97,0.0001,30.07522598412004,21.543542167767853,2.7257047747327
6.98,0.0001,30.07532595404471,21.522098525600086,2.698546726985373
6.99,0.0001,30.075425923969284,21.500676327074487,2.6716602597155195
7.0,0.0001,30.075525893893758,21.479275550747413,2.6450426571183643
7.01,0.09736867593018876,30.17289453965105,21.555067582450924,2.7149872197180676
7.0200000000000005,0.09557561017294292,30.268470119555523,21.628992549431242,2.7824572015921003
7.03,0.10004032044826,30.368510409635274,21.707303837009626,2.8536725468199564
7.04,0.10768238905856485,30.476192768217643,21.79317123984212,2.9317413865197364
7.05,0.09438191348242259,30.57057465112949,21.86566560017122,2.9958620670021374
7.0600000000000005,0.12842665337350853,30.699001273803997,21.972098161291182,3.0930458331718893
7.07,0.1019818471738905,30.800983090176906,22.05200592845661,3.163077403542322
7.08,0.09283405007865209,30.89381710936174,22.122695138556725,3.2233523390847645
7.09,0.09189897341428906,30.985716051790313,22.19237951785904,3.2820987993740633
7.1000000000000005,0.09779900627004409,31.08351502697684,22.267888345604955,3.3460988275876664
7.11,0.1282025236051207,31.211717519370247,22.373694778340866,3.439558337680859
7.12,0.13724446299632426,31.34896195101761,22.488428302095855,3.5410347726704114
7.13,0.10059610491090845,31.44955802447896,22.566435382599757,3.6052145688055064
7.140000000000001,0.10111930977589285,31.550677302704177,22.644887137683273,3.669270539795585
7.15,0.1076110545835243,31.658288325629414,22.72974569407453,3.7391127784353184
7.16,0.09450893189811674,31.75279722577473,22.801430371346672,3.7952854932301006
7.17,0.11072479449581794,31.86352198840703,22.88924301067665,3.866950184848659
7.18,0.08539223874815692,31.94891419520627,22.95166061417538,3.912818999360848
7.19,0.0908707408657688,32.03978490403225,23.019488823686107,3.9636528428243505
7.2,0.08199885889004144,32.12178373080051,23.07838619489357,4.005195184697248
7.21,0.09582221304671192,32.21760591162961,23.151034199532344,4.060007223766521
7.22,0.09288170707800351,32.31048758639713,23.220671990703735,4.111360041536079
7.23,0.09820175789738449,32.40868931188582,23.29555487485252,4.167466181439129
7.24,0.14167505862640709,32.55036433796186,23.41379270354545,4.26604982766488
7.25,0.09471657310743303,32.64508087842421,23.48500076737623,4.31715873676459
7.26,0.11910487793918732,32.76418572359921,23.580501539670102,4.391900978556739
7.2700000000000005,0.0835820988248828,32.84776778957633,23.640419554856493,4.430728246607806
7.28,0.12035237473418148,32.968120131342395,23.737011157661083,4.505569815128569
7.29,0.1290667909903244,33.09718688923553,23.84221187070276,4.588290240057704
7.3,0.1030552837693045,33.200242139804594,23.921321887317593,4.644432068588738
7.3100000000000005,0.11477541673221577,33.31501752322179,24.01206120674576,4.711615410467744
7.32,0.09457545163035534,33.409592941442554,24.082530021717737,4.758128953477119
7.33,0.1279055854850095,33.53749849339007,24.186225171595545,4.8371741935725066
7.34,0.08549261863006462,33.62299107839714,24.247446072435384,4.873440144080545
7.3500000000000005,0.07614748914796592,33.69913853384597,24.29926996802177,4.900091756896226
7.36,0.10596556885071258,33.80510406889158,24.38083030133561,4.95599675248947
7.37,0.08673491613639175,33.89183895113614,24.443097652254533,4.992304351939603
7.38,0.09704444322328729,33.988883360370544,24.51560195338234,5.038455307211261
7.390000000000001,0.09932874359564495,34.088212069877976,24.59031576628101,5.086406210298837
7.4,0.10264218036562847,34.19085421605275,24.66826498869999,5.137157906757821
7.41,0.10883809795718996,34.29969227971024,24.752325983570522,5.193536044667861
7.42,0.0892540118543572,34.388946257175654,24.816738415429455,5.229962155956996
7.43,0.11451111965090432,34.5034573423231,24.90631828554528,5.291028542851822
7.44,0.12959243231647363,34.63304974000653,25.010874807143892,5.3664147654166126
7.45,0.12452203087617766,34.757571736125136,25.11026144118205,5.436027428329862
7.46,0.10913536733541161,34.86670706859384,25.194177411708946,5.489711167708621
7.47,0.11374420193838737,34.980451235551776,25.28261369203369,5.547420815950538
7.48,0.11508780080738597,35.095539001263624,25.372303791348234,5.6058835305903445
7.49,0.12471561664896952,35.22025458269234,25.471522388589207,5.67329315576692
7.5,0.110822015407405,35.33107656276867,25.556762059592614,5.726274019462582
7.51,0.11742318246353772,35.44849970978371,25.648511056814094,5.785260229906859
7.5200000000000005,0.08896325242786038,35.53746292667411,25.71173683493271,5.815481247511372
7.53,0.11950944416775289,35.65697233518489,25.805415032821365,5.875640784762334
7.54,0.1060756920871139,35.763047991508955,25.88557923418357,5.921899312080953
7.55,0.0965366740265061,35.85958462967587,25.956133792301866,5.958251626246384
7.5600000000000005,0.09765336846350609,35.95723796218214,26.027733373604605,5.995345944762792
7.57,0.08917689704030629,36.04641482317603,26.090793360374267,6.023677613385067
7.58,0.10507203570916404,36.15148682273371,26.169669530687347,6.067462152603289
7.59,0.13109769005712196,36.28258447650825,26.274466453523726,6.136574244233807
7.6000000000000005,0.11205421278916741,36.39463865290278,26.36013414564658,6.186142172452745
7.61,0.09484072450950239,36.4894793409228,26.428519895285927,6.218173067992625
7.62,0.12423929145051932,36.6137185957596,26.52620642754971,6.278988235848713
7.63,0.08985774235738504,36.70357630141341,26.589448105737187,6.3051575184240365
7.640000000000001,0.08893154761272813,36.79250781223364,26.651701273696563,6.330148175376397
7.65,0.1011264471143792,36.89363422245439,26.726074893090132,6.366961876265869
7.66,0.10968616072517978,37.00332034617625,26.808925292761497,6.411881556621138
7.67,0.11215872356554571,37.11547903262632,26.894162932310717,6.458799877384817
7.68,0.09243677225491576,37.20791576767331,26.95961310486107,6.485724283143336
7.69,0.08993671680094331,37.2978524471764,27.02250027184035,6.509904389944837
7.7,0.07659869631260258,37.374451106114556,27.071999869184797,6.5206380553948655
7.71,0.11568207244328317,37.49013314106771,27.160494259686455,6.569956926559767
7.72,0.09434468909733867,37.58447779258057,27.227584109835007,6.597658599500535
7.73,0.11362324392999686,37.69810099881247,27.31386614641124,6.644169024996226
7.74,0.1154897657433075,37.813590726742184,27.401926556242394,6.692062202832138
7.75,0.10636640716285808,37.91995709598508,27.48078467044185,6.730444323895046
7.76,0.1014638830414285,38.02142094100509,27.554666304929796,6.76358912486711
7.7700000000000005,0.11843254302690316,38.13985344589214,27.645425749108743,6.813201451215073
7.78,0.08768048586168303,38.22753389352629,27.705373128735456,6.831873117705988
7.79,0.10180582942446377,38.32933968462142,27.77937177920176,6.864342157659148
7.8,0.09270788252575343,38.42204752872512,27.84420758206579,6.887479539783052
7.8100000000000005,0.09179358104873353,38.51384107126002,27.908065161951406,6.909480389623468
7.82,0.10223506480933703,38.61607609745327,27.982289926533984,6.941598299888477
7.83,0.1014986436723768,38.71757470240808,28.055704781636152,6.9726659741252455
7.84,0.07772210899017432,38.79529677260295,28.1052934637357,6.979884202284266
7.8500000000000005,0.08567943290600866,38.88097616662798,28.162781923745065,6.9949079988383716
7.86,0.10970174196522631,38.99067786960253,28.24421118204458,7.033563643395562
7.87,0.0464385883623,39.03711641892771,28.26235912063647,7.009202209440284
7.88,0.09344372194978232,39.13056010174693,28.327447039743667,7.031619472076166
7.890000000000001,0.10047360938186914,39.23103367189777,28.39949272847641,7.060772150643455
7.9,0.09810916890756571,39.32914280147619,28.46910429548659,7.087292506355511
7.91,0.10621339586860937,39.43535615790944,28.546742373663847,7.121570843201879
7.92,0.11985581389536315,39.55521193224959,28.63793158937165,7.1690123905262695
7.930000000000001,0.09369257352871989,39.64890446612941,28.70289253873747,7.190077914414439
7.94,0.07594865003811144,39.72485307644267,28.750062347586805,7.193366298808025
7.95,0.08498225872030901,39.809835295353146,28.806209561700808,7.205565071953051
7.96,0.09916717361354915,39.90900242905769,28.876471358579042,7.231684923110934
7.97,0.10009959110340341,40.00910198015199,28.947594378732763,7.258466669072194
7.98,0.11656801083054225,40.12566995085686,29.03509822717374,7.301284333103709
7.99,0.09645050656216625,40.222120417196905,29.10241718500217,7.323757491269217
8.0,0.0001,40.22222037697469,29.07341466781717,7.250618916356524
8.01,0.0001,40.222320336752375,29.04444115314935,7.178211727192958
8.02,0.0001,40.22242029652996,29.015496611996202,7.106528609921028
8.03,0.0001,40.22252025630745,28.986581015384207,7.035562323821818
8.040000000000001,0.0001,40.22262021608483,28.957694334368824,6.9653057005836
8.05,0.0001,40.22272017586211,28.928836540034457,6.895751643577763
8.06,0.0001,40.22282013563929,28.900007603494423,6.826893127141985
8.07,0.0001,40.22292009541637,28.87120749589093,6.758723195870565
8.08,0.0001,40.22302005519335,28.842436188395038,6.691234963911859
8.09,0.0001,40.223120014970235,28.81369365220664,6.62442161427274
8.1,0.0001,40.22321997474702,28.784979858554433,6.558276398130013
8.11,0.0001,40.2233199345237,28.756294778695878,6.492792634148713
8.120000000000001,0.0001,40.223419894300285,28.72763838391718,6.427963707807225
8.13,0.0001,40.22351985407677,28.699010645533264,6.363783070729153
8.14,0.0001,40.223619813853155,28.67041153488773,6.300244240021861
8.15,0.0001,40.22371977362944,28.641841023352843,6.237340797621642
8.16,0.0001,40.22381973340563,28.61329908232949,6.175066389645425
8.17,0.0001,40.22391969318171,28.584785683247162,6.113414725748971
8.18,0.0001,40.22401965295769,28.556300797563914,6.052379578491481
8.19,0.0001,40.224119612733574,28.52784439676635,5.991954782706566
8.2,0.0001,40.224219572509355,28.499416452369584,5.9321342348795
8.21,0.0001,40.22431953228504,28.471016935917213,5.872911892530705
8.22,0.0001,40.22441949206062,28.442645818981294,5.814281773605398
8.23,0.0001,40.2245194518361,28.414303073162312,5.756237955869343
8.24,0.0001,40.224619411611485,28.385988670089148,5.698774576310649
8.25,0.0001,40.22471937138677,28.35770258141906,5.641885830547542
8.26,0.0001,40.22481933116195,28.32944477883764,5.585565972242066
8.27,0.0001,40.22491929093704,28.3012152340588,5.529809312519645
8.28,0.0001,40.22501925071202,28.27301391882474,5.474610219394449
8.290000000000001,0.0001,40.22511921048691,28.244840804905916,5.419963117200504
8.3,0.0001,40.225219170261695,28.21669586410101,5.365862486028498
8.31,0.0001,40.22531913003638,28.18857906823691,5.312302861168213
8.32,0.0001,40.22541908981097,28.16049038916867,5.2592788325565305
8.33,0.0001,40.22551904958545,28.1324297987795,5.206785044230965
8.34,0.0001,40.22561900935983,28.104397268980723,5.154816193788655
8.35,0.0001,40.225718969134114,28.076392771711742,5.103367031850768
8.36,0.0001,40.225818928908296,28.04841627894003,5.05243236153226
8.370000000000001,0.0001,40.22591888868238,28.02046776266109,5.002007037916937
8.38,0.0001,40.22601884845636,27.99254719489843,4.9520859675377675
8.39,0.0001,40.22611880823025,27.96465454770353,4.90266410786239
8.4,0.0001,40.22621876800403,27.936789793155828,4.853736466783766
8.41,0.0001,40.226318727777716,27.90895290336267,4.805298102115928
8.42,0.0001,40.2264186875513,27.88114385045931,4.757344121094769
8.43,0.0001,40.22651864732479,27.85336260660885,4.709869679883821
8.44,0.0001,40.226618607098175,27.825609144002243,4.662869983084982
8.45,0.0001,40.22671856687146,27.79788343485824,4.616340283254132
8.46,0.0001,40.22681852664465,27.77018545142338,4.57027588042159
8.47,0.0001,40.22691848641774,27.742515165971955,4.524672121617375
8.48,0.0001,40.22701844619072,27.714872550805982,4.479524400401201
8.49,0.0001,40.2271184059636,27.687257578255174,4.434828156397188
8.5,0.0001,40.227218365736384,27.65967022067692,4.390578874833216
8.51,0.0001,40.22731832550907,27.632110450456242,4.346772086084884
8.52,0.0001,40.22741828528165,27.604578240005786,4.303403365224034
8.53,0.0001,40.227518245054135,27.57707356176578,4.2604683315717935
8.540000000000001,0.0001,40.22761820482652,27.549596388204012,4.2179626482560755
8.55,0.0001,40.227718164598805,27.52214669181581,4.175882021773514
8.56,0.0001,40.22781812437099,27.494724445123992,4.134222201555779
8.57,0.0001,40.22791808414308,27.467329620678868,4.092978979540221
8.58,0.0001,40.228018043915064,27.43996219105819,4.052148189744819
8.59,0.0001,40.22811800368695,27.41262212886713,4.01172570784737
8.6,0.0001,40.22821796345874,27.385309406738262,3.9717074507688963
8.61,0.0001,40.22831792323043,27.358023997331525,3.9320893762612075
8.620000000000001,0.0001,40.22841788300202,27.330765873334194,3.8928674824985956
8.63,0.0001,40.2285178427735,27.30353500746086,3.8540378076736097
8.64,0.0001,40.22861780254488,27.2763313724534,3.815596429596874
8.65,0.0001,40.228717762316165,27.249154941080945,3.7775394653009053
8.66,0.0001,40.22881772208735,27.222005686139866,3.7398630706478966
8.67,0.0001,40.228917681858434,27.194883580453727,3.702563439941418
8.68,0.0001,40.22901764162942,27.167788596873272,3.665636805542004
8.69,0.0001,40.229117601400304,27.140720708276397,3.6290794374865842
8.700000000000001,0.0001,40.22921756117109,27.11367988756812,3.5928876431117187
8.71,0.0001,40.22931752094178,27.086666107680553,3.5570577666806016
8.72,0.0001,40.229417480712364,27.059679341572874,3.521586189013796
8.73,0.0001,40.22951744048285,27.0327195622313,3.486469327123658
8.74,0.0001,40.22961740025324,27.00578674266907,3.4517036338524214
8.75,0.0001,40.22971736002353,26.978880855926402,3.4172855975138976
8.76,0.0001,40.22981731979372,26.952001875070476,3.383211741538759
8.77,0.0001,40.2299172795638,26.925149773195404,3.3494786241233716
8.78,0.0001,40.23001723933378,26.898324523422207,3.316082837882138
8.790000000000001,0.0001,40.23011719910367,26.871526098898784,3.283021009503317
8.8,0.0001,40.23021715887345,26.844754472799885,3.250289799408284
8.81,0.0001,40.230317118643136,26.818009618327086,3.2178859014142014
8.82,0.0001,40.23041707841272,26.79129150870876,3.1858060424000594
8.83,0.0001,40.23051703818221,26.76460011720005,3.154046981976059
8.84,0.0001,40.23061699795159,26.73793541708285,3.1226055121562983
8.85,0.0001,40.23071695772088,26.711297381665766,3.091478457034736
8.86,0.0001,40.23081691749007,26.6846859842841,3.060662672464389
8.870000000000001,0.0001,40.230916877259155,26.658101198299818,3.030155045739745
8.88,0.0001,40.23101683702814,26.63154299710152,2.999952495282348
8.89,0.0001,40.23111679679703,26.605011354104416,2.9700519703295245
8.9,0.0001,40.23121675656582,26.57850624275031,2.9404504506262295
8.91,0.0001,40.23131671633451,26.55202763650756,2.9111449461199674
8.92,0.0001,40.231416676103095,26.525575508871054,2.882132496658768
8.93,0.0001,40.23151663587158,26.499149833362182,2.8534101716921803
8.94,0.0001,40.23161659563996,26.47275058352882,2.8249750699752587
8.950000000000001,0.0001,40.23171655540825,26.446377732945294,2.7968243192755065
8.96,0.0001,40.23181651517643,26.420031255212347,2.7689550760827517
8.97,0.0001,40.23191647494452,26.393711123957136,2.7413645253219245
8.98,0.0001,40.232016434712506,26.36741731283318,2.7140498800687056
8.99,0.0001,40.23211639448039,26.341149795520344,2.6870083812680186
9.0,0.0001,40.23221635424818,26.314908545724823,2.6602372974553385
9.01,0.0838942728531495,40.31611058678522,26.372404015759397,2.716690254605403
9.02,0.12181104732478015,40.43792159367208,26.46772084802109,2.8101162889108813
9.03,0.09598055413289316,40.53390210727107,26.53713770075183,2.8770358746133367
9.040000000000001,0.08831341997797858,40.62221548662683,26.59882566960908,2.935695801645402
9.05,0.07850642913903158,40.70072187506514,26.650654766649364,2.9840602084765893
9.06,0.09346156231368408,40.79418339658464,26.717372212634086,3.0467465530823707
9.07,0.11313259988667893,40.907315955564,26.803674307708246,3.128280361439359
9.08,0.1054363338743759,41.01275224842562,26.88220153094104,3.2013795283605977
9.09,0.07823367341186568,41.0909858807465,26.933474769148553,3.246817069754739
9.1,0.08764273144442279,41.1786285710123,26.994096383092383,3.30111520318717
9.11,0.09190645943740462,41.27053498917917,27.058916839687257,3.359091445998329
9.120000000000001,0.11377898581201501,41.38431393360687,27.145523129673773,3.438141727492241
9.13,0.09640722138617558,41.48072111351232,27.21468842070889,3.4992034593896326
9.14,0.12475008375769613,41.60547115566454,27.31209906596212,3.5877140077158556
9.15,0.09710216579241951,41.70257327975439,27.381792030522785,3.6479680117731923
9.16,0.09156074595777695,41.79413398391804,27.44587942370408,3.7021334701536595
9.17,0.0875510808305817,41.88168502286693,27.50589707403013,3.7517877054743987
9.18,0.10242077352451773,41.98410575440734,27.580709529707093,3.815666394208927
9.19,0.08233672555663446,42.066442437897535,27.635383209008463,3.859023088567906
9.200000000000001,0.09832102645029217,42.164763422183064,27.705970531223297,3.917770673868016
9.21,0.09340072652606751,42.25816410645097,27.771571886491614,3.9710596863901424
9.22,0.10792657712743506,42.36609064121232,27.85161896515543,4.038196400882401
9.23,0.10336386274687442,42.46945446148974,27.927027845074402,4.100144660992983
9.24,0.07415979423055688,42.54361421317669,27.973186451665654,4.132561410671305
9.25,0.10965059576802359,42.65326476629145,28.054754210386243,4.199789886374935
9.26,0.0850183156789661,42.73828303923213,28.111632753539144,4.2419601200333625
9.27,0.09075366450431507,42.829036660907406,28.174184031625416,4.289386646692301
9.28,0.12077359281360207,42.9498102107712,28.26666266681458,4.366058637110845
9.290000000000001,0.10251608907562411,43.052326256794494,28.340809577134312,4.423888978924604
9.3,0.0817361347550779,43.134062348415505,28.3941231661775,4.460568862542885
9.31,0.09369122041643332,43.227753525604186,28.459326572207342,4.508717482129725
9.32,0.09288408563881217,43.32063756792236,28.523658447188307,4.555585552090852
9.33,0.10389250426220138,43.42453002876003,28.598923400499057,4.612883275789522
9.34,0.09266475488919607,43.517194740132034,28.662896567232863,4.65849255037193
9.35,0.09135186712594133,43.60854656364943,28.725494185924443,4.702345973322893
9.36,0.08546764408218425,43.694014164037604,28.78215086817662,4.739935481231027
9.370000000000001,0.11320382699112924,43.80721794722152,28.86645934047258,4.804607915139934
9.38,0.11911556244639705,43.92633346574158,28.956589328016058,4.874486242810468
9.39,0.09729260902222753,44.023626030740175,29.024828055101246,4.922061063314368
9.4,0.10798210045444596,44.13160808706301,29.103677345400136,4.979742732131126
9.41,0.10979016301739464,44.241398205839005,29.184254040909114,5.0386375661970355
9.42,0.11349700726873498,44.35489516875284,29.26845329712967,5.100613227731112
9.43,0.11311272492896805,44.4680078492138,29.35218445603658,5.161588693133479
9.44,0.09017007287803809,44.55817787753366,29.412912174385703,5.199241178351402
9.450000000000001,0.10649682792670714,44.66467466079569,29.4898895933101,5.252680626215328
9.46,0.09781213457550822,44.76248675060871,29.558114026157725,5.2969878331829285
9.47,0.12582731519848328,44.88831402091888,29.65425740001485,5.368586996897598
9.48,0.05993324805497602,44.94824722402561,29.684476457421756,5.374235042503048
9.49,0.09188480399304837,45.04013198297852,29.746584900153387,5.411458648031135
9.5,0.1007420172071517,45.1408739550448,29.81747959044318,5.457078658585904
9.51,0.10734735650779244,45.24822126630438,29.894902120004023,5.508781754942759
9.52,0.09513920949106891,45.34336043045208,29.960051288165598,5.547881754789489
9.53,0.08752619887978301,45.43088658390098,30.017529909558334,5.57905387413258
9.540000000000001,0.09156606650113074,45.52245260487965,30.078986880083406,5.613913741227374
9.55,0.09808591233072128,45.62053847158984,30.14689571962171,5.654879657022514
9.56,0.11142313936838984,45.73196156522627,30.22806054013111,5.708639768426995
9.57,0.1123299445100364,45.84429146389202,30.310050094156505,5.762760015807661
9.58,0.09547863045220428,45.939770048404455,30.375123195884104,5.799656259797267
9.59,0.12398687411268515,46.06375687645339,30.468610959926792,5.864406702570852
9.6,0.09735818334227864,46.16111501363456,30.535403174125804,5.902147237054
9.61,0.12671756581533886,46.28783253316207,30.631458619201204,5.968576154840645
9.620000000000001,0.08358927280309514,46.371421759593744,30.684332844112294,5.9916437733673025
9.63,0.10389423743070558,46.47531595054914,30.757438854461455,6.034582630690028
9.64,0.09953106219816729,46.57484696617246,30.826112946742963,6.072772555959313
9.65,0.09129227669326485,46.66613919619959,30.88648781821279,6.102424184326052
9.66,0.08822736227499074,46.754366511720214,30.943740465307293,6.128745031135033
9.67,0.08894363707691062,46.84331010195381,31.001651418281817,6.155511781529824
9.68,0.1244823834694761,46.9677924384555,31.09500766794954,6.217194223349307
9.69,0.0805069618016443,47.04829935320885,31.144339115121433,6.234724173299442
9.700000000000001,0.07830799025637962,47.12660729633862,31.191424458272436,6.249901841920264
9.71,0.0804887974180397,47.207096046549566,31.240641342434785,6.267086732944921
9.72,0.0942627601565049,47.301358759404714,31.303569198488695,6.297735998170411
9.73,0.09344524005889521,47.394803952068806,31.365617424109043,6.327269425847013
9.74,0.10004151690854585,47.49484542148251,31.434193282076574,6.363037833328003
9.75,0.08773889328954118,47.58258426718947,31.490410243190748,6.386268959351368
9.76,0.08224921223955006,47.66483343176419,31.541086795974866,6.40383298987501
9.77,0.07214631424887245,47.73697969827608,31.581619877113514,6.411219511082644
9.78,0.10004240747690546,47.837022057915966,31.64998062230583,6.446149299373954
9.790000000000001,0.09298649710455853,47.93000850709052,31.711224152290978,6.4737444385137275
9.8,0.09004715275438542,48.02005561182485,31.76947003374032,6.498153675355431
9.81,0.10489447956456975,48.12495004326447,31.842490148791587,6.537017673370801
9.82,0.08334859072324592,48.20829858577942,31.89391290077532,6.554162601453108
9.83,0.08815604025126414,48.296454577734224,31.950086872085556,6.575895455287328
9.84,0.106665016131519,48.40311954546263,32.02469513632886,6.615734866704658
9.85,0.11607500911597977,48.519194506059414,32.108629375299394,6.664491777062431
9.86,0.10923317858834468,48.62842763601933,32.185644691333856,6.705987706094268
9.870000000000001,0.09298376859873078,48.72141135589665,32.24634983147265,6.730981759946069
9.88,0.10985454206777656,48.83126584913316,32.32384816916689,6.772427938993707
9.89,0.11209787419820623,48.943363674388,32.40351009732173,6.815680555059995
9.9,0.09273771680473433,49.036101342156634,32.46375156631234,6.839334089146082
9.91,0.11779154227023576,49.15389283527298,32.54896156547399,6.8875543751021535
9.92,0.0943356004748495,49.2482283864996,32.61065386878289,6.912071075821233
9.93,0.10041119583019312,49.348639532981146,32.67835399954847,6.942357448934912
9.94,0.10734104865361958,49.455980532178785,32.75290935315388,6.979201512612646
9.950000000000001,0.10511518209696447,49.56109566471466,32.8251665107156,7.013473527762515
9.96,0.11081628798510108,49.67191190302785,32.903046815902,7.05304691759014
9.97,0.10839037298113118,49.78030222622868,32.97842575169425,7.0898229176655585
9.98,0.07080956678063559,49.85111174315821,33.01618608315642,7.089026159601732
9.99,0.10552822691380569,49.95663992011537,33.088592595760154,7.122608842650383
