time,a.Co,b.Co,c.Co
0.0,0.000996323317876207,8.302694315635059e-05,8.302694315635059e-05
1.0,0.0008302694315635059,0.0,0.0
2.0,0.0005811886020944541,8.302694315635059e-05,0.0
3.0,0.0005811886020944541,8.302694315635059e-05,0.00016605388631270117
4.0,0.00024908082946905176,0.00033210777262540235,0.00024908082946905176
5.0,0.00024908082946905176,0.0,8.302694315635059e-05
6.0,0.00033210777262540235,8.302694315635059e-05,8.302694315635059e-05
7.0,0.00033210777262540235,0.00024908082946905176,0.00024908082946905176
8.0,0.00016605388631270117,0.00016605388631270117,0.0
9.0,8.302694315635059e-05,8.302694315635059e-05,0.00016605388631270117
10.0,0.00016605388631270117,0.00033210777262540235,0.00016605388631270117
11.0,0.00033210777262540235,0.00016605388631270117,0.0
12.0,0.0,0.0006642155452508047,0.0
13.0,0.00024908082946905176,0.0005811886020944541,0.0
14.0,0.00041513471578175293,0.0004981616589381035,8.302694315635059e-05
15.0,0.00024908082946905176,0.00041513471578175293,0.0
16.0,0.00024908082946905176,0.00041513471578175293,0.0
17.0,0.00016605388631270117,0.0004981616589381035,0.0
18.0,8.302694315635059e-05,0.0007472424884071553,0.0
19.0,0.0,0.0007472424884071553,8.302694315635059e-05
20.0,0.0,0.0006642155452508047,0.0
21.0,8.302694315635059e-05,0.00024908082946905176,0.00016605388631270117
22.0,0.00024908082946905176,0.0004981616589381035,8.302694315635059e-05
23.0,0.0,0.0006642155452508047,0.0
24.0,0.00016605388631270117,0.000996323317876207,0.0
25.0,8.302694315635059e-05,0.0009132963747198565,0.0
26.0,0.0,0.0009132963747198565,8.302694315635059e-05
27.0,8.302694315635059e-05,0.0009132963747198565,0.0
28.0,8.302694315635059e-05,0.0004981616589381035,8.302694315635059e-05
29.0,0.0,0.0007472424884071553,8.302694315635059e-05
30.0,0.00016605388631270117,0.0006642155452508047,0.0
31.0,8.302694315635059e-05,0.0006642155452508047,8.302694315635059e-05
32.0,8.302694315635059e-05,0.00041513471578175293,0.0
33.0,8.302694315635059e-05,0.00033210777262540235,8.302694315635059e-05
34.0,0.0,0.00041513471578175293,8.302694315635059e-05
35.0,0.00016605388631270117,0.0004981616589381035,0.0
36.0,0.0,0.0007472424884071553,8.302694315635059e-05
37.0,8.302694315635059e-05,0.0006642155452508047,8.302694315635059e-05
38.0,8.302694315635059e-05,0.0009132963747198565,0.0
39.0,0.00016605388631270117,0.0005811886020944541,8.302694315635059e-05
40.0,0.00016605388631270117,0.0005811886020944541,8.302694315635059e-05
41.0,0.00016605388631270117,0.0004981616589381035,0.0
42.0,8.302694315635059e-05,0.00033210777262540235,8.302694315635059e-05
43.0,8.302694315635059e-05,0.00041513471578175293,0.0
44.0,0.00033210777262540235,0.00033210777262540235,0.0
45.0,0.00016605388631270117,0.0008302694315635059,0.0
46.0,0.0,0.0008302694315635059,0.0
47.0,0.0,0.0010793502610325577,8.302694315635059e-05
48.0,0.0,0.0010793502610325577,8.302694315635059e-05
49.0,0.0,0.0010793502610325577,8.302694315635059e-05
50.0,8.302694315635059e-05,0.0010793502610325577,0.0
51.0,0.0,0.000996323317876207,0.0
52.0,0.0,0.0010793502610325577,8.302694315635059e-05
53.0,0.0,0.0010793502610325577,8.302694315635059e-05
54.0,8.302694315635059e-05,0.0010793502610325577,0.0
55.0,0.0,0.0010793502610325577,8.302694315635059e-05
56.0,0.0,0.0010793502610325577,8.302694315635059e-05
57.0,0.0,0.0010793502610325577,8.302694315635059e-05
58.0,0.0,0.0010793502610325577,8.302694315635059e-05
59.0,0.0,0.000996323317876207,0.0
60.0,0.0,0.0006642155452508047,0.0
61.0,0.00016605388631270117,0.0008302694315635059,0.0
62.0,8.302694315635059e-05,0.0007472424884071553,0.0
63.0,8.302694315635059e-05,0.0009132963747198565,0.0
64.0,0.0,0.000996323317876207,0.0
65.0,0.0,0.0010793502610325577,8.302694315635059e-05
66.0,0.0,0.000996323317876207,0.0
67.0,0.0,0.0009132963747198565,8.302694315635059e-05
68.0,0.0,0.000996323317876207,0.00016605388631270117
69.0,0.0,0.0006642155452508047,0.00016605388631270117
70.0,0.00016605388631270117,0.0005811886020944541,8.302694315635059e-05
71.0,0.00024908082946905176,0.0004981616589381035,8.302694315635059e-05
72.0,8.302694315635059e-05,0.0009132963747198565,0.0
73.0,0.0,0.0011623772041889082,0.0
74.0,0.0,0.0010793502610325577,8.302694315635059e-05
75.0,0.0,0.0010793502610325577,8.302694315635059e-05
76.0,0.0,0.0008302694315635059,0.00016605388631270117
77.0,0.00016605388631270117,0.0006642155452508047,0.0
78.0,8.302694315635059e-05,0.0005811886020944541,0.0
79.0,8.302694315635059e-05,0.00041513471578175293,0.0
80.0,0.00016605388631270117,0.00024908082946905176,8.302694315635059e-05
81.0,8.302694315635059e-05,0.00024908082946905176,0.0
82.0,8.302694315635059e-05,0.00041513471578175293,0.0
83.0,8.302694315635059e-05,0.0009132963747198565,0.0
84.0,0.0,0.0009132963747198565,8.302694315635059e-05
85.0,0.0,0.0008302694315635059,0.0
86.0,0.00016605388631270117,0.000996323317876207,0.0
87.0,0.0,0.000996323317876207,0.0
88.0,0.0,0.0010793502610325577,8.302694315635059e-05
89.0,0.0,0.0010793502610325577,8.302694315635059e-05
90.0,8.302694315635059e-05,0.0010793502610325577,0.0
91.0,0.0,0.0010793502610325577,8.302694315635059e-05
92.0,0.0,0.000996323317876207,0.0
93.0,0.0,0.0006642155452508047,0.00016605388631270117
94.0,8.302694315635059e-05,0.0004981616589381035,8.302694315635059e-05
95.0,0.00016605388631270117,0.000996323317876207,0.0
96.0,8.302694315635059e-05,0.0007472424884071553,0.0
97.0,0.0,0.000996323317876207,0.0
98.0,0.0,0.0008302694315635059,0.0
99.0,8.302694315635059e-05,0.0008302694315635059,8.302694315635059e-05
100.0,0.0,0.0007472424884071553,8.302694315635059e-05
101.0,8.302694315635059e-05,0.0007472424884071553,0.0
102.0,0.0,0.0006642155452508047,0.0
103.0,0.0,0.000996323317876207,0.0
104.0,0.0,0.0008302694315635059,0.0
105.0,0.0,0.0005811886020944541,8.302694315635059e-05
106.0,8.302694315635059e-05,0.0004981616589381035,8.302694315635059e-05
107.0,0.00016605388631270117,0.00024908082946905176,8.302694315635059e-05
108.0,8.302694315635059e-05,0.0008302694315635059,8.302694315635059e-05
109.0,0.0,0.0009132963747198565,8.302694315635059e-05
110.0,8.302694315635059e-05,0.000996323317876207,8.302694315635059e-05
111.0,8.302694315635059e-05,0.0010793502610325577,0.0
112.0,8.302694315635059e-05,0.0010793502610325577,0.0
113.0,8.302694315635059e-05,0.0010793502610325577,0.0
114.0,8.302694315635059e-05,0.0010793502610325577,0.0
115.0,0.0,0.0010793502610325577,8.302694315635059e-05
116.0,0.0,0.0010793502610325577,8.302694315635059e-05
117.0,0.0,0.000996323317876207,0.0
118.0,0.0,0.0007472424884071553,8.302694315635059e-05
119.0,8.302694315635059e-05,0.0006642155452508047,8.302694315635059e-05
120.0,0.0,0.0006642155452508047,0.0
121.0,8.302694315635059e-05,0.0009132963747198565,0.0
122.0,0.0,0.0009132963747198565,8.302694315635059e-05
123.0,8.302694315635059e-05,0.0005811886020944541,0.0
124.0,0.0,0.0005811886020944541,8.302694315635059e-05
125.0,8.302694315635059e-05,0.0008302694315635059,8.302694315635059e-05
126.0,8.302694315635059e-05,0.0007472424884071553,0.00016605388631270117
127.0,0.00016605388631270117,0.0006642155452508047,0.0
128.0,0.0,0.0009132963747198565,8.302694315635059e-05
129.0,0.0,0.0008302694315635059,0.0
130.0,0.00016605388631270117,0.0004981616589381035,0.0
131.0,0.00016605388631270117,0.0006642155452508047,0.0
132.0,8.302694315635059e-05,0.0005811886020944541,0.0
133.0,8.302694315635059e-05,0.0008302694315635059,8.302694315635059e-05
134.0,8.302694315635059e-05,0.0006642155452508047,8.302694315635059e-05
135.0,0.0,0.0007472424884071553,8.302694315635059e-05
136.0,0.0,0.0008302694315635059,0.0
137.0,0.0,0.0007472424884071553,8.302694315635059e-05
138.0,0.0,0.0007472424884071553,8.302694315635059e-05
139.0,0.0,0.0005811886020944541,8.302694315635059e-05
140.0,0.0,0.0005811886020944541,8.302694315635059e-05
141.0,0.0,0.0005811886020944541,8.302694315635059e-05
142.0,8.302694315635059e-05,0.00041513471578175293,0.0
143.0,8.302694315635059e-05,0.0005811886020944541,0.00016605388631270117
144.0,0.00024908082946905176,0.0005811886020944541,0.0
145.0,0.0,0.0007472424884071553,8.302694315635059e-05
146.0,0.0,0.0008302694315635059,0.0
147.0,8.302694315635059e-05,0.0008302694315635059,8.302694315635059e-05
148.0,8.302694315635059e-05,0.0007472424884071553,0.0
149.0,8.302694315635059e-05,0.0007472424884071553,0.0
150.0,0.0,0.0009132963747198565,8.302694315635059e-05
151.0,8.302694315635059e-05,0.0009132963747198565,0.0
152.0,0.0,0.0009132963747198565,8.302694315635059e-05
153.0,0.0,0.0008302694315635059,0.0
154.0,0.0,0.0007472424884071553,8.302694315635059e-05
155.0,0.0,0.0009132963747198565,8.302694315635059e-05
156.0,0.0,0.0010793502610325577,8.302694315635059e-05
157.0,0.0,0.0009132963747198565,8.302694315635059e-05
158.0,8.302694315635059e-05,0.0008302694315635059,8.302694315635059e-05
159.0,8.302694315635059e-05,0.0007472424884071553,0.0
160.0,0.00016605388631270117,0.000996323317876207,0.0
161.0,0.0,0.0006642155452508047,0.0
162.0,0.0,0.0006642155452508047,0.0
163.0,8.302694315635059e-05,0.0006642155452508047,8.302694315635059e-05
164.0,8.302694315635059e-05,0.0007472424884071553,0.0
165.0,8.302694315635059e-05,0.0007472424884071553,0.0
166.0,0.0,0.000996323317876207,0.0
167.0,0.0,0.0010793502610325577,8.302694315635059e-05
168.0,0.0,0.0008302694315635059,0.0
169.0,0.0,0.000996323317876207,0.0
170.0,0.0,0.000996323317876207,0.0
171.0,0.0,0.0010793502610325577,8.302694315635059e-05
172.0,0.0,0.000996323317876207,0.0
173.0,0.0,0.0007472424884071553,8.302694315635059e-05
174.0,0.0,0.0008302694315635059,0.0
175.0,8.302694315635059e-05,0.0010793502610325577,0.0
176.0,0.0,0.0010793502610325577,8.302694315635059e-05
177.0,0.0,0.0010793502610325577,8.302694315635059e-05
178.0,0.0,0.0009132963747198565,8.302694315635059e-05
179.0,8.302694315635059e-05,0.0006642155452508047,8.302694315635059e-05
180.0,8.302694315635059e-05,0.0007472424884071553,0.0
181.0,8.302694315635059e-05,0.0006642155452508047,8.302694315635059e-05
182.0,0.0,0.0004981616589381035,0.0
183.0,0.00016605388631270117,0.0009132963747198565,8.302694315635059e-05
184.0,0.0,0.0009132963747198565,8.302694315635059e-05
185.0,0.0,0.000996323317876207,0.0
186.0,0.0,0.0009132963747198565,8.302694315635059e-05
187.0,0.0,0.0009132963747198565,8.302694315635059e-05
188.0,8.302694315635059e-05,0.0009132963747198565,0.0
189.0,8.302694315635059e-05,0.0007472424884071553,0.0
190.0,8.302694315635059e-05,0.000996323317876207,8.302694315635059e-05
191.0,0.0,0.0010793502610325577,8.302694315635059e-05
192.0,0.0,0.000996323317876207,0.0
193.0,8.302694315635059e-05,0.0009132963747198565,0.0
194.0,0.0,0.0010793502610325577,8.302694315635059e-05
195.0,0.0,0.0009132963747198565,8.302694315635059e-05
196.0,0.0,0.0008302694315635059,0.0
197.0,0.00016605388631270117,0.000996323317876207,0.0
198.0,0.0,0.0008302694315635059,0.0
199.0,0.0,0.0008302694315635059,0.0
200.0,0.00016605388631270117,0.0007472424884071553,8.302694315635059e-05
201.0,0.00016605388631270117,0.0005811886020944541,8.302694315635059e-05
202.0,0.00016605388631270117,0.0006642155452508047,0.0
203.0,0.00016605388631270117,0.0006642155452508047,0.0
204.0,8.302694315635059e-05,0.00041513471578175293,0.0
205.0,0.0,0.0006642155452508047,0.0
206.0,8.302694315635059e-05,0.0009132963747198565,0.0
207.0,0.0,0.0010793502610325577,8.302694315635059e-05
208.0,8.302694315635059e-05,0.0009132963747198565,0.0
209.0,0.0,0.000996323317876207,0.0
210.0,0.0,0.0010793502610325577,8.302694315635059e-05
211.0,0.0,0.0010793502610325577,8.302694315635059e-05
212.0,0.0,0.0010793502610325577,8.302694315635059e-05
213.0,0.0,0.0010793502610325577,8.302694315635059e-05
214.0,8.302694315635059e-05,0.000996323317876207,8.302694315635059e-05
215.0,8.302694315635059e-05,0.0010793502610325577,0.0
216.0,0.0,0.000996323317876207,0.0
217.0,0.0,0.0009132963747198565,8.302694315635059e-05
218.0,8.302694315635059e-05,0.000996323317876207,8.302694315635059e-05
219.0,0.00016605388631270117,0.000996323317876207,0.0
220.0,8.302694315635059e-05,0.0009132963747198565,0.0
221.0,0.00016605388631270117,0.0006642155452508047,0.00016605388631270117
222.0,0.00016605388631270117,0.0004981616589381035,0.0
223.0,0.0,0.0004981616589381035,0.0
224.0,8.302694315635059e-05,0.0004981616589381035,8.302694315635059e-05
225.0,8.302694315635059e-05,0.0005811886020944541,0.00016605388631270117
226.0,0.00016605388631270117,0.0004981616589381035,0.0
227.0,0.00016605388631270117,0.0006642155452508047,0.0
228.0,8.302694315635059e-05,0.0007472424884071553,0.0
229.0,0.0,0.0005811886020944541,8.302694315635059e-05
230.0,0.00024908082946905176,0.0006642155452508047,8.302694315635059e-05
231.0,0.00016605388631270117,0.0005811886020944541,8.302694315635059e-05
232.0,0.00016605388631270117,0.00033210777262540235,0.0
233.0,8.302694315635059e-05,0.0006642155452508047,8.302694315635059e-05
234.0,0.0,0.0008302694315635059,0.0
235.0,0.0,0.0008302694315635059,0.0
236.0,8.302694315635059e-05,0.0006642155452508047,8.302694315635059e-05
237.0,8.302694315635059e-05,0.00041513471578175293,0.0
238.0,8.302694315635059e-05,0.0005811886020944541,0.00016605388631270117
239.0,8.302694315635059e-05,0.0006642155452508047,8.302694315635059e-05
240.0,0.00016605388631270117,0.0006642155452508047,0.0
241.0,0.0,0.0008302694315635059,0.0
242.0,8.302694315635059e-05,0.0010793502610325577,0.0
243.0,8.302694315635059e-05,0.000996323317876207,8.302694315635059e-05
244.0,8.302694315635059e-05,0.000996323317876207,8.302694315635059e-05
245.0,0.0,0.0010793502610325577,8.302694315635059e-05
246.0,8.302694315635059e-05,0.0010793502610325577,0.0
247.0,0.0,0.0004981616589381035,0.0
248.0,0.00016605388631270117,0.0004981616589381035,0.0
249.0,8.302694315635059e-05,0.0007472424884071553,0.0
250.0,8.302694315635059e-05,0.0006642155452508047,8.302694315635059e-05
251.0,0.0,0.0008302694315635059,0.0
252.0,8.302694315635059e-05,0.0009132963747198565,0.0
253.0,8.302694315635059e-05,0.0010793502610325577,0.0
254.0,0.0,0.0007472424884071553,8.302694315635059e-05
255.0,8.302694315635059e-05,0.0008302694315635059,8.302694315635059e-05
256.0,0.00016605388631270117,0.00041513471578175293,8.302694315635059e-05
257.0,8.302694315635059e-05,0.0006642155452508047,8.302694315635059e-05
258.0,0.0,0.0009132963747198565,8.302694315635059e-05
259.0,0.0,0.0005811886020944541,8.302694315635059e-05
260.0,0.00016605388631270117,0.0005811886020944541,8.302694315635059e-05
261.0,8.302694315635059e-05,0.0007472424884071553,0.00016605388631270117
262.0,8.302694315635059e-05,0.0005811886020944541,0.0
263.0,8.302694315635059e-05,0.0006642155452508047,8.302694315635059e-05
264.0,8.302694315635059e-05,0.0006642155452508047,8.302694315635059e-05
265.0,8.302694315635059e-05,0.0008302694315635059,8.302694315635059e-05
266.0,8.302694315635059e-05,0.000996323317876207,8.302694315635059e-05
267.0,0.0,0.000996323317876207,0.0
268.0,8.302694315635059e-05,0.0008302694315635059,8.302694315635059e-05
269.0,0.0,0.0008302694315635059,0.0
270.0,0.0,0.000996323317876207,0.0
271.0,0.0,0.0010793502610325577,8.302694315635059e-05
272.0,0.0,0.0010793502610325577,8.302694315635059e-05
273.0,0.0,0.0010793502610325577,8.302694315635059e-05
274.0,0.00016605388631270117,0.000996323317876207,0.0
275.0,0.0,0.000996323317876207,0.0
276.0,0.0,0.0008302694315635059,0.0
277.0,0.00016605388631270117,0.0006642155452508047,0.00016605388631270117
278.0,0.0,0.0006642155452508047,0.0
279.0,0.0,0.0006642155452508047,0.0
280.0,8.302694315635059e-05,0.0009132963747198565,0.0
281.0,8.302694315635059e-05,0.0009132963747198565,0.0
282.0,8.302694315635059e-05,0.0009132963747198565,0.0
283.0,0.00016605388631270117,0.0004981616589381035,0.00016605388631270117
284.0,0.00016605388631270117,0.00033210777262540235,0.0
285.0,0.00016605388631270117,0.0006642155452508047,0.0
286.0,0.00016605388631270117,0.000996323317876207,0.0
287.0,0.0,0.0010793502610325577,8.302694315635059e-05
288.0,0.0,0.0009132963747198565,8.302694315635059e-05
289.0,8.302694315635059e-05,0.0008302694315635059,8.302694315635059e-05
290.0,8.302694315635059e-05,0.0009132963747198565,0.0
291.0,0.0,0.0010793502610325577,8.302694315635059e-05
292.0,0.0,0.0010793502610325577,8.302694315635059e-05
293.0,0.0,0.0010793502610325577,8.302694315635059e-05
294.0,0.0,0.0009132963747198565,8.302694315635059e-05
295.0,0.0,0.0009132963747198565,8.302694315635059e-05
296.0,0.0,0.0007472424884071553,8.302694315635059e-05
297.0,8.302694315635059e-05,0.0007472424884071553,0.0
298.0,0.0,0.0006642155452508047,0.0
299.0,8.302694315635059e-05,0.0008302694315635059,8.302694315635059e-05
300.0,0.00024908082946905176,0.00033210777262540235,8.302694315635059e-05
301.0,0.00033210777262540235,0.0004981616589381035,0.0
302.0,0.00016605388631270117,0.00041513471578175293,8.302694315635059e-05
303.0,8.302694315635059e-05,0.0004981616589381035,8.302694315635059e-05
304.0,8.302694315635059e-05,0.00041513471578175293,0.0
305.0,0.0,0.00016605388631270117,0.0
306.0,0.00024908082946905176,0.0004981616589381035,8.302694315635059e-05
307.0,0.00033210777262540235,0.0007472424884071553,8.302694315635059e-05
308.0,0.00016605388631270117,0.0006642155452508047,0.0
309.0,8.302694315635059e-05,0.0006642155452508047,8.302694315635059e-05
310.0,0.0,0.0008302694315635059,0.0
311.0,8.302694315635059e-05,0.0008302694315635059,8.302694315635059e-05
312.0,8.302694315635059e-05,0.0006642155452508047,8.302694315635059e-05
313.0,0.00024908082946905176,0.0004981616589381035,0.00024908082946905176
314.0,0.00041513471578175293,0.00033210777262540235,8.302694315635059e-05
315.0,8.302694315635059e-05,0.00041513471578175293,0.0
316.0,0.0,0.0007472424884071553,8.302694315635059e-05
317.0,0.00016605388631270117,0.0007472424884071553,8.302694315635059e-05
318.0,8.302694315635059e-05,0.00041513471578175293,0.00016605388631270117
319.0,0.00016605388631270117,0.00016605388631270117,0.00033210777262540235
320.0,0.00041513471578175293,0.0,0.00024908082946905176
321.0,0.00024908082946905176,0.00016605388631270117,0.00024908082946905176
322.0,0.0005811886020944541,0.0,0.00024908082946905176
323.0,0.0004981616589381035,0.0,0.00033210777262540235
324.0,8.302694315635059e-05,0.0,0.0005811886020944541
325.0,8.302694315635059e-05,8.302694315635059e-05,0.000996323317876207
326.0,0.0,8.302694315635059e-05,0.0007472424884071553
327.0,0.0,8.302694315635059e-05,0.0007472424884071553
328.0,0.00016605388631270117,0.0,0.0008302694315635059
329.0,0.0,8.302694315635059e-05,0.0009132963747198565
330.0,0.0,0.0,0.0006642155452508047
331.0,0.0,0.0,0.00033210777262540235
332.0,8.302694315635059e-05,0.0,0.00024908082946905176
333.0,0.0,0.00016605388631270117,0.0004981616589381035
334.0,8.302694315635059e-05,8.302694315635059e-05,0.0006642155452508047
335.0,8.302694315635059e-05,8.302694315635059e-05,0.0006642155452508047
336.0,0.00016605388631270117,8.302694315635059e-05,0.0005811886020944541
337.0,0.00016605388631270117,0.0,0.0004981616589381035
338.0,8.302694315635059e-05,0.0,0.0005811886020944541
339.0,0.00016605388631270117,8.302694315635059e-05,0.0007472424884071553
340.0,8.302694315635059e-05,0.0,0.0010793502610325577
341.0,0.0,0.0,0.0011623772041889082
342.0,0.0,8.302694315635059e-05,0.0010793502610325577
343.0,0.0,8.302694315635059e-05,0.0010793502610325577
344.0,0.0,8.302694315635059e-05,0.0010793502610325577
345.0,8.302694315635059e-05,0.0,0.0010793502610325577
346.0,8.302694315635059e-05,8.302694315635059e-05,0.000996323317876207
347.0,8.302694315635059e-05,0.0,0.0009132963747198565
348.0,0.0,0.0,0.0011623772041889082
349.0,0.0,8.302694315635059e-05,0.0010793502610325577
350.0,0.0,8.302694315635059e-05,0.0010793502610325577
351.0,0.0,8.302694315635059e-05,0.0009132963747198565
352.0,0.0,0.0,0.0008302694315635059
353.0,0.0,0.0,0.000996323317876207
354.0,8.302694315635059e-05,0.0,0.0010793502610325577
355.0,0.0,0.0,0.0008302694315635059
356.0,0.00016605388631270117,0.0,0.000996323317876207
357.0,8.302694315635059e-05,0.0,0.0010793502610325577
358.0,0.0,8.302694315635059e-05,0.0010793502610325577
359.0,0.0,8.302694315635059e-05,0.0010793502610325577
360.0,0.0,8.302694315635059e-05,0.0010793502610325577
361.0,0.0,0.0,0.000996323317876207
362.0,0.0,0.00016605388631270117,0.000996323317876207
363.0,0.00016605388631270117,0.0,0.000996323317876207
364.0,8.302694315635059e-05,0.0,0.0009132963747198565
365.0,0.0,8.302694315635059e-05,0.0010793502610325577
366.0,8.302694315635059e-05,0.0,0.0010793502610325577
367.0,0.0,0.0,0.000996323317876207
368.0,8.302694315635059e-05,0.0,0.0010793502610325577
369.0,0.0,8.302694315635059e-05,0.0010793502610325577
370.0,0.0,8.302694315635059e-05,0.0010793502610325577
371.0,8.302694315635059e-05,0.0,0.0010793502610325577
372.0,0.0,0.0,0.0011623772041889082
373.0,0.0,8.302694315635059e-05,0.0010793502610325577
374.0,0.0,8.302694315635059e-05,0.0010793502610325577
375.0,8.302694315635059e-05,8.302694315635059e-05,0.000996323317876207
376.0,0.0,8.302694315635059e-05,0.0010793502610325577
377.0,0.0,8.302694315635059e-05,0.0010793502610325577
378.0,0.0,8.302694315635059e-05,0.0010793502610325577
379.0,0.0,8.302694315635059e-05,0.0010793502610325577
380.0,8.302694315635059e-05,8.302694315635059e-05,0.000996323317876207
381.0,8.302694315635059e-05,8.302694315635059e-05,0.0008302694315635059
382.0,8.302694315635059e-05,0.0,0.0007472424884071553
383.0,0.0,0.0,0.000996323317876207
384.0,8.302694315635059e-05,0.0,0.0010793502610325577
385.0,0.0,0.0,0.0011623772041889082
386.0,0.0,8.302694315635059e-05,0.0007472424884071553
387.0,8.302694315635059e-05,0.0,0.0005811886020944541
388.0,0.00016605388631270117,8.302694315635059e-05,0.0005811886020944541
389.0,0.0,8.302694315635059e-05,0.00041513471578175293
390.0,8.302694315635059e-05,0.0,0.0007472424884071553
391.0,8.302694315635059e-05,8.302694315635059e-05,0.000996323317876207
392.0,0.0,0.0,0.000996323317876207
393.0,8.302694315635059e-05,0.0,0.0009132963747198565
394.0,0.0,0.0,0.0006642155452508047
395.0,8.302694315635059e-05,0.0,0.0005811886020944541
396.0,8.302694315635059e-05,8.302694315635059e-05,0.0004981616589381035
397.0,0.0,8.302694315635059e-05,0.0005811886020944541
398.0,8.302694315635059e-05,0.0,0.0005811886020944541
399.0,8.302694315635059e-05,8.302694315635059e-05,0.0004981616589381035
400.0,0.00016605388631270117,8.302694315635059e-05,0.0005811886020944541
401.0,0.0,8.302694315635059e-05,0.00041513471578175293
402.0,0.00016605388631270117,0.00016605388631270117,0.0004981616589381035
403.0,0.00024908082946905176,0.0,0.0005811886020944541
404.0,0.0,0.0,0.0008302694315635059
405.0,0.00024908082946905176,0.0,0.0009132963747198565
406.0,0.00016605388631270117,0.0,0.000996323317876207
407.0,0.0,0.0,0.0008302694315635059
408.0,8.302694315635059e-05,0.0,0.0010793502610325577
409.0,8.302694315635059e-05,0.0,0.0010793502610325577
410.0,0.0,0.0,0.0011623772041889082
411.0,0.0,8.302694315635059e-05,0.0010793502610325577
412.0,0.0,8.302694315635059e-05,0.0009132963747198565
413.0,0.0,8.302694315635059e-05,0.0009132963747198565
414.0,0.0,0.00016605388631270117,0.000996323317876207
415.0,0.0,8.302694315635059e-05,0.0009132963747198565
416.0,8.302694315635059e-05,8.302694315635059e-05,0.000996323317876207
417.0,0.0,0.0,0.000996323317876207
418.0,8.302694315635059e-05,8.302694315635059e-05,0.000996323317876207
419.0,8.302694315635059e-05,0.0,0.0009132963747198565
420.0,8.302694315635059e-05,8.302694315635059e-05,0.000996323317876207
421.0,0.0,8.302694315635059e-05,0.0010793502610325577
422.0,0.0,0.00016605388631270117,0.000996323317876207
423.0,0.0,0.00016605388631270117,0.0008302694315635059
424.0,0.0,0.0,0.0008302694315635059
425.0,8.302694315635059e-05,0.0,0.0010793502610325577
426.0,0.0,8.302694315635059e-05,0.0010793502610325577
427.0,0.0,8.302694315635059e-05,0.0010793502610325577
428.0,0.0,0.0,0.0006642155452508047
429.0,8.302694315635059e-05,0.0,0.0005811886020944541
430.0,0.0,0.00016605388631270117,0.0004981616589381035
431.0,0.00016605388631270117,8.302694315635059e-05,0.00041513471578175293
432.0,8.302694315635059e-05,0.0,0.00041513471578175293
433.0,0.00024908082946905176,0.0,0.0007472424884071553
434.0,8.302694315635059e-05,0.0,0.0007472424884071553
435.0,0.00016605388631270117,0.0,0.000996323317876207
436.0,0.0,0.0,0.0008302694315635059
437.0,8.302694315635059e-05,0.0,0.0010793502610325577
438.0,8.302694315635059e-05,0.0,0.0010793502610325577
439.0,0.0,8.302694315635059e-05,0.0010793502610325577
440.0,0.0,8.302694315635059e-05,0.0010793502610325577
441.0,0.0,8.302694315635059e-05,0.0010793502610325577
442.0,0.0,0.0,0.000996323317876207
443.0,0.0,8.302694315635059e-05,0.0010793502610325577
444.0,0.0,0.0,0.0008302694315635059
445.0,8.302694315635059e-05,0.0,0.0007472424884071553
446.0,8.302694315635059e-05,8.302694315635059e-05,0.000996323317876207
447.0,8.302694315635059e-05,0.0,0.0007472424884071553
448.0,8.302694315635059e-05,0.0,0.0009132963747198565
449.0,0.0,0.0,0.0008302694315635059
450.0,8.302694315635059e-05,8.302694315635059e-05,0.0008302694315635059
451.0,0.00016605388631270117,8.302694315635059e-05,0.0005811886020944541
452.0,0.00016605388631270117,8.302694315635059e-05,0.00024908082946905176
453.0,0.00024908082946905176,0.00016605388631270117,0.0005811886020944541
454.0,0.00016605388631270117,0.0,0.00033210777262540235
455.0,0.00016605388631270117,8.302694315635059e-05,0.0005811886020944541
456.0,0.00024908082946905176,0.00016605388631270117,0.00041513471578175293
457.0,0.00024908082946905176,0.0,0.00041513471578175293
458.0,8.302694315635059e-05,8.302694315635059e-05,0.0006642155452508047
459.0,0.0,0.0,0.000996323317876207
460.0,0.0,0.0,0.000996323317876207
461.0,8.302694315635059e-05,0.0,0.0009132963747198565
462.0,0.0,0.0,0.000996323317876207
463.0,8.302694315635059e-05,0.0,0.0007472424884071553
464.0,0.0,8.302694315635059e-05,0.0009132963747198565
465.0,0.0,8.302694315635059e-05,0.0010793502610325577
466.0,0.0,8.302694315635059e-05,0.0009132963747198565
467.0,0.0,0.00016605388631270117,0.000996323317876207
468.0,0.0,8.302694315635059e-05,0.0007472424884071553
469.0,8.302694315635059e-05,0.0,0.0007472424884071553
470.0,8.302694315635059e-05,8.302694315635059e-05,0.000996323317876207
471.0,0.0,0.0,0.000996323317876207
472.0,0.0,0.0,0.0008302694315635059
473.0,0.0,8.302694315635059e-05,0.0009132963747198565
474.0,0.0,0.0,0.0004981616589381035
475.0,0.00016605388631270117,0.0,0.0006642155452508047
476.0,0.0,0.0,0.0004981616589381035
477.0,0.0,0.00016605388631270117,0.00033210777262540235
478.0,0.00016605388631270117,0.0,0.00016605388631270117
479.0,8.302694315635059e-05,0.00024908082946905176,0.00016605388631270117
480.0,0.00016605388631270117,0.00041513471578175293,0.00024908082946905176
481.0,0.00016605388631270117,0.00033210777262540235,0.0
482.0,8.302694315635059e-05,0.0005811886020944541,0.00016605388631270117
483.0,0.0,0.0006642155452508047,0.0
484.0,0.0,0.0007472424884071553,8.302694315635059e-05
485.0,0.00016605388631270117,0.0005811886020944541,8.302694315635059e-05
486.0,0.00016605388631270117,0.00024908082946905176,8.302694315635059e-05
487.0,0.00024908082946905176,0.00033210777262540235,8.302694315635059e-05
488.0,0.0,0.0004981616589381035,0.00016605388631270117
489.0,8.302694315635059e-05,0.00024908082946905176,0.00016605388631270117
490.0,0.00024908082946905176,8.302694315635059e-05,0.0
491.0,0.00041513471578175293,0.00016605388631270117,8.302694315635059e-05
492.0,0.00033210777262540235,0.00016605388631270117,0.00033210777262540235
493.0,0.00024908082946905176,0.0,8.302694315635059e-05
494.0,0.0,0.0,0.0004981616589381035
495.0,8.302694315635059e-05,0.0,0.0009132963747198565
496.0,0.0,0.0,0.000996323317876207
497.0,0.0,8.302694315635059e-05,0.0010793502610325577
498.0,0.0,0.0,0.0006642155452508047
499.0,8.302694315635059e-05,0.0,0.0005811886020944541
500.0,8.302694315635059e-05,0.0,0.0007472424884071553
501.0,8.302694315635059e-05,8.302694315635059e-05,0.0008302694315635059
502.0,8.302694315635059e-05,0.0,0.0009132963747198565
503.0,0.0,0.0,0.0008302694315635059
504.0,8.302694315635059e-05,0.0,0.0009132963747198565
505.0,0.0,0.0,0.0008302694315635059
506.0,0.0,0.0,0.0011623772041889082
507.0,0.0,8.302694315635059e-05,0.0010793502610325577
508.0,0.0,8.302694315635059e-05,0.0010793502610325577
509.0,0.0,0.0,0.000996323317876207
510.0,0.0,8.302694315635059e-05,0.0009132963747198565
511.0,8.302694315635059e-05,0.0,0.0007472424884071553
512.0,0.00024908082946905176,0.0,0.0007472424884071553
513.0,8.302694315635059e-05,8.302694315635059e-05,0.0006642155452508047
514.0,0.0,0.0,0.0008302694315635059
515.0,8.302694315635059e-05,0.0,0.0010793502610325577
516.0,0.0,8.302694315635059e-05,0.0010793502610325577
517.0,8.302694315635059e-05,0.0,0.0010793502610325577
518.0,8.302694315635059e-05,0.0,0.0010793502610325577
519.0,8.302694315635059e-05,0.0,0.0009132963747198565
520.0,0.00016605388631270117,0.0,0.000996323317876207
521.0,8.302694315635059e-05,0.0,0.0010793502610325577
522.0,0.0,8.302694315635059e-05,0.0010793502610325577
523.0,0.0,8.302694315635059e-05,0.0010793502610325577
524.0,0.0,8.302694315635059e-05,0.0010793502610325577
525.0,0.0,8.302694315635059e-05,0.0010793502610325577
526.0,0.0,8.302694315635059e-05,0.0010793502610325577
527.0,8.302694315635059e-05,0.0,0.0010793502610325577
528.0,0.0,8.302694315635059e-05,0.0010793502610325577
529.0,0.0,8.302694315635059e-05,0.0010793502610325577
530.0,0.0,8.302694315635059e-05,0.0010793502610325577
531.0,0.0,8.302694315635059e-05,0.0009132963747198565
532.0,0.0,0.0,0.0008302694315635059
533.0,0.0,0.0,0.0006642155452508047
534.0,0.0,0.0,0.000996323317876207
535.0,0.0,8.302694315635059e-05,0.0010793502610325577
536.0,0.0,8.302694315635059e-05,0.0010793502610325577
537.0,0.0,8.302694315635059e-05,0.0010793502610325577
538.0,0.0,8.302694315635059e-05,0.0010793502610325577
539.0,0.0,8.302694315635059e-05,0.0010793502610325577
540.0,0.0,0.00016605388631270117,0.000996323317876207
541.0,8.302694315635059e-05,0.0,0.0007472424884071553
542.0,8.302694315635059e-05,0.0,0.0007472424884071553
543.0,8.302694315635059e-05,8.302694315635059e-05,0.0006642155452508047
544.0,8.302694315635059e-05,8.302694315635059e-05,0.000996323317876207
545.0,0.0,8.302694315635059e-05,0.0005811886020944541
546.0,0.0,0.0,0.0006642155452508047
547.0,8.302694315635059e-05,0.0,0.0010793502610325577
548.0,0.0,0.0,0.0011623772041889082
549.0,0.0,8.302694315635059e-05,0.0010793502610325577
550.0,0.00016605388631270117,8.302694315635059e-05,0.0009132963747198565
551.0,8.302694315635059e-05,8.302694315635059e-05,0.0008302694315635059
552.0,8.302694315635059e-05,8.302694315635059e-05,0.0006642155452508047
553.0,8.302694315635059e-05,8.302694315635059e-05,0.0006642155452508047
554.0,8.302694315635059e-05,0.0,0.0007472424884071553
555.0,0.00016605388631270117,8.302694315635059e-05,0.0005811886020944541
556.0,8.302694315635059e-05,8.302694315635059e-05,0.0006642155452508047
557.0,0.00016605388631270117,0.0,0.000996323317876207
558.0,0.0,0.0,0.0008302694315635059
559.0,0.0,0.0,0.000996323317876207
560.0,0.0,8.302694315635059e-05,0.0010793502610325577
561.0,0.0,8.302694315635059e-05,0.0010793502610325577
562.0,8.302694315635059e-05,0.0,0.0010793502610325577
563.0,0.0,8.302694315635059e-05,0.0009132963747198565
564.0,8.302694315635059e-05,0.00024908082946905176,0.0006642155452508047
565.0,0.0,0.0,0.0004981616589381035
566.0,0.00016605388631270117,0.0,0.0006642155452508047
567.0,0.0,0.0,0.0006642155452508047
568.0,0.0,8.302694315635059e-05,0.00041513471578175293
569.0,0.0,8.302694315635059e-05,0.00041513471578175293
570.0,0.0,8.302694315635059e-05,0.00024908082946905176
571.0,0.00016605388631270117,0.00016605388631270117,0.0004981616589381035
572.0,0.00016605388631270117,8.302694315635059e-05,0.00041513471578175293
573.0,0.0,0.00016605388631270117,0.0006642155452508047
574.0,8.302694315635059e-05,0.0,0.00041513471578175293
575.0,8.302694315635059e-05,0.0,0.0005811886020944541
576.0,0.00016605388631270117,0.0,0.0004981616589381035
577.0,8.302694315635059e-05,0.0,0.0005811886020944541
578.0,0.0,0.0,0.0006642155452508047
579.0,0.0,8.302694315635059e-05,0.0007472424884071553
580.0,0.0,8.302694315635059e-05,0.00041513471578175293
581.0,8.302694315635059e-05,0.0,0.0005811886020944541
582.0,8.302694315635059e-05,8.302694315635059e-05,0.000996323317876207
583.0,8.302694315635059e-05,8.302694315635059e-05,0.0008302694315635059
584.0,8.302694315635059e-05,8.302694315635059e-05,0.0008302694315635059
585.0,8.302694315635059e-05,0.0,0.0007472424884071553
586.0,8.302694315635059e-05,0.0,0.0007472424884071553
587.0,8.302694315635059e-05,0.0,0.0010793502610325577
588.0,8.302694315635059e-05,0.0,0.0010793502610325577
589.0,0.0,8.302694315635059e-05,0.0010793502610325577
590.0,8.302694315635059e-05,8.302694315635059e-05,0.0008302694315635059
591.0,0.0,8.302694315635059e-05,0.0007472424884071553
592.0,8.302694315635059e-05,8.302694315635059e-05,0.0008302694315635059
593.0,8.302694315635059e-05,0.0,0.0005811886020944541
594.0,8.302694315635059e-05,0.0,0.0005811886020944541
595.0,0.0,0.0,0.0006642155452508047
596.0,0.0,0.0,0.0004981616589381035
597.0,8.302694315635059e-05,0.0,0.0007472424884071553
598.0,0.00016605388631270117,8.302694315635059e-05,0.0009132963747198565
599.0,0.00016605388631270117,0.0,0.0008302694315635059
600.0,0.00016605388631270117,0.0,0.0006642155452508047
601.0,0.0,0.0,0.0006642155452508047
602.0,0.0,0.0,0.0011623772041889082
603.0,0.0,8.302694315635059e-05,0.0010793502610325577
604.0,0.0,8.302694315635059e-05,0.0010793502610325577
605.0,0.0,8.302694315635059e-05,0.0010793502610325577
606.0,0.0,8.302694315635059e-05,0.0010793502610325577
607.0,8.302694315635059e-05,8.302694315635059e-05,0.0008302694315635059
608.0,0.0,0.0,0.0004981616589381035
609.0,8.302694315635059e-05,8.302694315635059e-05,0.0004981616589381035
610.0,0.00016605388631270117,0.00016605388631270117,0.00033210777262540235
611.0,0.00033210777262540235,0.0,0.00033210777262540235
612.0,8.302694315635059e-05,0.00016605388631270117,0.0007472424884071553
613.0,8.302694315635059e-05,0.0,0.0009132963747198565
614.0,0.0,8.302694315635059e-05,0.0010793502610325577
615.0,8.302694315635059e-05,0.0,0.0005811886020944541
616.0,8.302694315635059e-05,0.0,0.0007472424884071553
617.0,0.0,0.00016605388631270117,0.0008302694315635059
618.0,0.0,0.0,0.0006642155452508047
619.0,8.302694315635059e-05,0.0,0.0007472424884071553
620.0,8.302694315635059e-05,0.0,0.0005811886020944541
621.0,8.302694315635059e-05,0.0,0.0007472424884071553
622.0,0.0,8.302694315635059e-05,0.0009132963747198565
623.0,8.302694315635059e-05,0.0,0.0007472424884071553
624.0,0.0,8.302694315635059e-05,0.0009132963747198565
625.0,0.0,8.302694315635059e-05,0.0007472424884071553
626.0,8.302694315635059e-05,8.302694315635059e-05,0.0006642155452508047
627.0,0.00016605388631270117,0.0,0.0004981616589381035
628.0,0.00016605388631270117,0.0,0.0004981616589381035
629.0,0.00033210777262540235,0.0,0.0006642155452508047
630.0,0.00024908082946905176,8.302694315635059e-05,0.0006642155452508047
631.0,0.0,0.00016605388631270117,0.0006642155452508047
632.0,0.00016605388631270117,0.0,0.0004981616589381035
633.0,0.0,8.302694315635059e-05,0.00041513471578175293
634.0,8.302694315635059e-05,0.0,0.00041513471578175293
635.0,0.0,0.0,0.00033210777262540235
636.0,0.0,0.0,0.0004981616589381035
637.0,0.0,0.00016605388631270117,0.0004981616589381035
638.0,8.302694315635059e-05,0.00016605388631270117,0.00041513471578175293
639.0,0.0,8.302694315635059e-05,0.00041513471578175293
640.0,8.302694315635059e-05,0.00033210777262540235,8.302694315635059e-05
641.0,8.302694315635059e-05,0.00033210777262540235,8.302694315635059e-05
642.0,0.00016605388631270117,0.0006642155452508047,0.0
643.0,0.0,0.0006642155452508047,0.0
644.0,0.00016605388631270117,0.00041513471578175293,8.302694315635059e-05
645.0,0.00016605388631270117,0.0004981616589381035,0.00016605388631270117
646.0,8.302694315635059e-05,0.0005811886020944541,0.00016605388631270117
647.0,0.00024908082946905176,0.0006642155452508047,8.302694315635059e-05
648.0,0.0,0.0004981616589381035,0.0
649.0,0.0,0.0004981616589381035,0.0
650.0,8.302694315635059e-05,0.0007472424884071553,0.0
651.0,8.302694315635059e-05,0.0009132963747198565,0.0
652.0,8.302694315635059e-05,0.0009132963747198565,0.0
653.0,0.0,0.0008302694315635059,0.0
654.0,8.302694315635059e-05,0.0010793502610325577,0.0
655.0,0.0,0.0010793502610325577,8.302694315635059e-05
656.0,0.0,0.0009132963747198565,8.302694315635059e-05
657.0,0.00016605388631270117,0.0005811886020944541,8.302694315635059e-05
658.0,0.0,0.0007472424884071553,8.302694315635059e-05
659.0,8.302694315635059e-05,0.0007472424884071553,0.0
660.0,0.0,0.000996323317876207,0.0
661.0,0.0,0.0010793502610325577,8.302694315635059e-05
662.0,0.0,0.0009132963747198565,8.302694315635059e-05
663.0,0.0,0.0010793502610325577,8.302694315635059e-05
664.0,0.0,0.0011623772041889082,0.0
665.0,0.0,0.0010793502610325577,8.302694315635059e-05
666.0,0.0,0.0007472424884071553,8.302694315635059e-05
667.0,0.00016605388631270117,0.0006642155452508047,0.0
668.0,8.302694315635059e-05,0.0005811886020944541,0.0
669.0,0.0,0.0007472424884071553,8.302694315635059e-05
670.0,0.0,0.0005811886020944541,0.00024908082946905176
671.0,8.302694315635059e-05,0.00041513471578175293,0.0
672.0,0.00024908082946905176,0.00041513471578175293,0.0
673.0,0.00016605388631270117,0.00024908082946905176,8.302694315635059e-05
674.0,0.00033210777262540235,0.0004981616589381035,0.0
675.0,0.00016605388631270117,0.0004981616589381035,0.0
676.0,8.302694315635059e-05,0.0007472424884071553,0.0
677.0,0.0,0.0006642155452508047,0.0
678.0,8.302694315635059e-05,0.0007472424884071553,0.0
679.0,0.00016605388631270117,0.00041513471578175293,8.302694315635059e-05
680.0,0.0,0.00024908082946905176,8.302694315635059e-05
681.0,0.00016605388631270117,0.00024908082946905176,8.302694315635059e-05
682.0,8.302694315635059e-05,0.00033210777262540235,8.302694315635059e-05
683.0,0.00024908082946905176,0.0005811886020944541,0.0
684.0,0.0,0.00033210777262540235,0.00016605388631270117
685.0,0.0,0.0004981616589381035,0.00016605388631270117
686.0,8.302694315635059e-05,0.0005811886020944541,0.0
687.0,0.0,0.0006642155452508047,0.0
688.0,8.302694315635059e-05,0.0007472424884071553,0.0
689.0,0.0,0.00041513471578175293,8.302694315635059e-05
690.0,0.00016605388631270117,0.0006642155452508047,0.0
691.0,0.0,0.0006642155452508047,0.0
692.0,8.302694315635059e-05,0.0007472424884071553,0.0
693.0,0.0,0.0010793502610325577,8.302694315635059e-05
694.0,0.0,0.0011623772041889082,0.0
695.0,0.0,0.0010793502610325577,8.302694315635059e-05
696.0,0.0,0.0006642155452508047,0.0
697.0,8.302694315635059e-05,0.0005811886020944541,0.0
698.0,8.302694315635059e-05,0.0010793502610325577,0.0
699.0,0.0,0.0010793502610325577,8.302694315635059e-05
700.0,0.0,0.0010793502610325577,8.302694315635059e-05
701.0,0.0,0.0010793502610325577,8.302694315635059e-05
702.0,0.0,0.0010793502610325577,8.302694315635059e-05
703.0,0.0,0.0010793502610325577,8.302694315635059e-05
704.0,0.0,0.0008302694315635059,0.0
705.0,0.0,0.0007472424884071553,0.00024908082946905176
706.0,8.302694315635059e-05,0.0006642155452508047,8.302694315635059e-05
707.0,8.302694315635059e-05,0.0005811886020944541,0.0
708.0,0.0,0.0006642155452508047,0.0
709.0,8.302694315635059e-05,0.0010793502610325577,0.0
710.0,0.0,0.0010793502610325577,8.302694315635059e-05
711.0,8.302694315635059e-05,0.0010793502610325577,0.0
712.0,8.302694315635059e-05,0.0010793502610325577,0.0
713.0,0.0,0.0011623772041889082,0.0
714.0,0.0,0.0010793502610325577,8.302694315635059e-05
715.0,0.0,0.000996323317876207,0.0
716.0,0.0,0.000996323317876207,0.0
717.0,8.302694315635059e-05,0.0010793502610325577,0.0
718.0,0.0,0.0010793502610325577,8.302694315635059e-05
719.0,0.0,0.0010793502610325577,8.302694315635059e-05
720.0,0.0,0.000996323317876207,0.0
721.0,8.302694315635059e-05,0.0008302694315635059,8.302694315635059e-05
722.0,0.0,0.0008302694315635059,0.0
723.0,8.302694315635059e-05,0.0009132963747198565,0.00016605388631270117
724.0,0.0,0.0007472424884071553,8.302694315635059e-05
725.0,0.0,0.0005811886020944541,8.302694315635059e-05
726.0,8.302694315635059e-05,0.0006642155452508047,8.302694315635059e-05
727.0,8.302694315635059e-05,0.0004981616589381035,8.302694315635059e-05
728.0,0.0,0.0006642155452508047,0.0
729.0,0.0,0.00041513471578175293,8.302694315635059e-05
730.0,8.302694315635059e-05,0.00041513471578175293,0.0
731.0,0.00016605388631270117,0.00041513471578175293,8.302694315635059e-05
732.0,0.00016605388631270117,0.0004981616589381035,0.0
733.0,0.00033210777262540235,0.0004981616589381035,0.0
734.0,0.00016605388631270117,0.0006642155452508047,0.0
735.0,0.00016605388631270117,0.000996323317876207,0.0
736.0,0.0,0.0008302694315635059,0.0
737.0,0.0,0.000996323317876207,0.0
738.0,0.0,0.0010793502610325577,8.302694315635059e-05
739.0,8.302694315635059e-05,0.0010793502610325577,0.0
740.0,8.302694315635059e-05,0.0010793502610325577,0.0
741.0,8.302694315635059e-05,0.0009132963747198565,0.0
742.0,0.0,0.0008302694315635059,0.0
743.0,8.302694315635059e-05,0.0005811886020944541,0.0
744.0,8.302694315635059e-05,0.0007472424884071553,0.0
745.0,8.302694315635059e-05,0.0007472424884071553,0.0
746.0,0.0,0.0009132963747198565,8.302694315635059e-05
747.0,0.0,0.0010793502610325577,8.302694315635059e-05
748.0,0.0,0.0010793502610325577,8.302694315635059e-05
749.0,8.302694315635059e-05,0.000996323317876207,8.302694315635059e-05
750.0,8.302694315635059e-05,0.0009132963747198565,0.0
751.0,8.302694315635059e-05,0.0010793502610325577,0.0
752.0,0.0,0.0010793502610325577,8.302694315635059e-05
753.0,0.0,0.0009132963747198565,8.302694315635059e-05
754.0,0.0,0.0009132963747198565,8.302694315635059e-05
755.0,0.0,0.0007472424884071553,8.302694315635059e-05
756.0,0.0,0.0004981616589381035,0.0
757.0,8.302694315635059e-05,0.0009132963747198565,0.0
758.0,0.0,0.0010793502610325577,8.302694315635059e-05
759.0,0.0,0.0010793502610325577,8.302694315635059e-05
760.0,0.0,0.0010793502610325577,8.302694315635059e-05
761.0,0.0,0.0010793502610325577,8.302694315635059e-05
762.0,8.302694315635059e-05,0.0008302694315635059,8.302694315635059e-05
763.0,0.0,0.0010793502610325577,8.302694315635059e-05
764.0,0.0,0.0010793502610325577,8.302694315635059e-05
765.0,8.302694315635059e-05,0.0009132963747198565,0.0
766.0,0.0,0.0004981616589381035,0.0
767.0,0.0,0.0004981616589381035,0.00016605388631270117
768.0,0.0,0.0004981616589381035,0.0
769.0,8.302694315635059e-05,0.0005811886020944541,0.0
770.0,8.302694315635059e-05,0.0005811886020944541,0.0
771.0,0.0,0.0007472424884071553,8.302694315635059e-05
772.0,0.0,0.0008302694315635059,0.00016605388631270117
773.0,0.00016605388631270117,0.0005811886020944541,8.302694315635059e-05
774.0,8.302694315635059e-05,0.00041513471578175293,0.0
775.0,8.302694315635059e-05,0.0006642155452508047,8.302694315635059e-05
776.0,0.00033210777262540235,0.00041513471578175293,8.302694315635059e-05
777.0,0.00016605388631270117,0.00033210777262540235,0.0
778.0,0.00041513471578175293,0.0004981616589381035,8.302694315635059e-05
779.0,8.302694315635059e-05,0.0005811886020944541,0.0
780.0,8.302694315635059e-05,0.0006642155452508047,8.302694315635059e-05
781.0,0.0,0.0010793502610325577,8.302694315635059e-05
782.0,8.302694315635059e-05,0.0008302694315635059,8.302694315635059e-05
783.0,8.302694315635059e-05,0.0007472424884071553,0.0
784.0,0.0,0.0008302694315635059,0.0
785.0,0.0,0.000996323317876207,0.0
786.0,8.302694315635059e-05,0.0008302694315635059,8.302694315635059e-05
787.0,8.302694315635059e-05,0.00041513471578175293,0.0
788.0,8.302694315635059e-05,0.00041513471578175293,0.0
789.0,0.0,0.0006642155452508047,0.0
790.0,0.0,0.0010793502610325577,8.302694315635059e-05
791.0,8.302694315635059e-05,0.0009132963747198565,0.0
792.0,0.0,0.0006642155452508047,0.0
793.0,0.0,0.000996323317876207,0.0
794.0,8.302694315635059e-05,0.0009132963747198565,0.0
795.0,8.302694315635059e-05,0.000996323317876207,8.302694315635059e-05
796.0,0.0,0.0009132963747198565,8.302694315635059e-05
797.0,8.302694315635059e-05,0.0009132963747198565,0.0
798.0,8.302694315635059e-05,0.0009132963747198565,0.0
799.0,0.00016605388631270117,0.0008302694315635059,0.0
800.0,8.302694315635059e-05,0.0010793502610325577,0.0
801.0,8.302694315635059e-05,0.000996323317876207,8.302694315635059e-05
802.0,0.0,0.0008302694315635059,0.0
803.0,0.0,0.0008302694315635059,0.0
804.0,0.0,0.0010793502610325577,8.302694315635059e-05
805.0,8.302694315635059e-05,0.000996323317876207,8.302694315635059e-05
806.0,0.0,0.0008302694315635059,0.0
807.0,0.0,0.0011623772041889082,0.0
808.0,0.0,0.0010793502610325577,8.302694315635059e-05
809.0,0.0,0.0010793502610325577,8.302694315635059e-05
810.0,0.0,0.0010793502610325577,8.302694315635059e-05
811.0,0.0,0.0010793502610325577,8.302694315635059e-05
812.0,0.0,0.0010793502610325577,8.302694315635059e-05
813.0,0.0,0.0010793502610325577,8.302694315635059e-05
814.0,0.0,0.0009132963747198565,8.302694315635059e-05
815.0,8.302694315635059e-05,0.0005811886020944541,0.0
816.0,8.302694315635059e-05,0.0005811886020944541,0.0
817.0,0.0,0.0004981616589381035,0.0
818.0,8.302694315635059e-05,0.0009132963747198565,0.0
819.0,0.0,0.000996323317876207,0.0
820.0,0.0,0.0010793502610325577,8.302694315635059e-05
821.0,0.0,0.0010793502610325577,8.302694315635059e-05
822.0,0.0,0.0010793502610325577,8.302694315635059e-05
823.0,0.0,0.0010793502610325577,8.302694315635059e-05
824.0,8.302694315635059e-05,0.0009132963747198565,0.0
825.0,8.302694315635059e-05,0.0009132963747198565,0.0
826.0,8.302694315635059e-05,0.0006642155452508047,8.302694315635059e-05
827.0,8.302694315635059e-05,0.0009132963747198565,0.0
828.0,0.0,0.0006642155452508047,0.0
829.0,8.302694315635059e-05,0.0009132963747198565,0.0
830.0,0.0,0.0008302694315635059,0.0
831.0,8.302694315635059e-05,0.0006642155452508047,8.302694315635059e-05
832.0,0.00016605388631270117,0.0004981616589381035,0.0
833.0,0.00016605388631270117,0.0007472424884071553,8.302694315635059e-05
834.0,8.302694315635059e-05,0.0006642155452508047,8.302694315635059e-05
835.0,8.302694315635059e-05,0.000996323317876207,8.302694315635059e-05
836.0,8.302694315635059e-05,0.0009132963747198565,0.0
837.0,0.0,0.0008302694315635059,0.0
838.0,0.0,0.000996323317876207,0.0
839.0,0.0,0.0011623772041889082,0.0
840.0,0.0,0.0010793502610325577,8.302694315635059e-05
841.0,0.0,0.0010793502610325577,8.302694315635059e-05
842.0,0.0,0.0010793502610325577,8.302694315635059e-05
843.0,0.0,0.0010793502610325577,8.302694315635059e-05
844.0,0.0,0.0009132963747198565,8.302694315635059e-05
845.0,8.302694315635059e-05,0.0006642155452508047,8.302694315635059e-05
846.0,0.0,0.0009132963747198565,8.302694315635059e-05
847.0,0.0,0.0007472424884071553,8.302694315635059e-05
848.0,0.0,0.0006642155452508047,0.0
849.0,8.302694315635059e-05,0.0009132963747198565,0.0
850.0,0.0,0.0006642155452508047,0.0
851.0,8.302694315635059e-05,0.0006642155452508047,8.302694315635059e-05
852.0,0.0,0.000996323317876207,0.0
853.0,8.302694315635059e-05,0.0010793502610325577,0.0
854.0,0.0,0.0010793502610325577,8.302694315635059e-05
855.0,0.0,0.0007472424884071553,8.302694315635059e-05
856.0,0.00016605388631270117,0.0008302694315635059,0.0
857.0,8.302694315635059e-05,0.0007472424884071553,0.0
858.0,8.302694315635059e-05,0.0009132963747198565,0.00016605388631270117
859.0,0.00016605388631270117,0.0006642155452508047,0.0
860.0,0.00016605388631270117,0.0007472424884071553,0.00024908082946905176
861.0,8.302694315635059e-05,0.0005811886020944541,0.00016605388631270117
862.0,0.0,0.0007472424884071553,8.302694315635059e-05
863.0,8.302694315635059e-05,0.0005811886020944541,0.0
864.0,0.0,0.0009132963747198565,8.302694315635059e-05
865.0,0.0,0.0004981616589381035,0.0
866.0,0.00016605388631270117,0.00016605388631270117,0.0
867.0,0.00016605388631270117,0.0005811886020944541,8.302694315635059e-05
868.0,0.00016605388631270117,0.0004981616589381035,0.0
869.0,8.302694315635059e-05,0.000996323317876207,8.302694315635059e-05
870.0,0.0,0.0009132963747198565,8.302694315635059e-05
871.0,8.302694315635059e-05,0.0007472424884071553,0.0
872.0,8.302694315635059e-05,0.0010793502610325577,0.0
873.0,8.302694315635059e-05,0.0010793502610325577,0.0
874.0,0.0,0.0010793502610325577,8.302694315635059e-05
875.0,8.302694315635059e-05,0.0008302694315635059,8.302694315635059e-05
876.0,0.0,0.0008302694315635059,0.0
877.0,0.0,0.0005811886020944541,8.302694315635059e-05
878.0,0.0,0.0006642155452508047,0.0
879.0,0.0,0.0007472424884071553,8.302694315635059e-05
880.0,0.0,0.0007472424884071553,8.302694315635059e-05
881.0,0.0,0.0008302694315635059,0.00016605388631270117
882.0,8.302694315635059e-05,0.0007472424884071553,0.00016605388631270117
883.0,0.0,0.000996323317876207,0.0
884.0,0.0,0.0009132963747198565,8.302694315635059e-05
885.0,0.00016605388631270117,0.0008302694315635059,0.0
886.0,8.302694315635059e-05,0.0009132963747198565,0.0
887.0,8.302694315635059e-05,0.0008302694315635059,8.302694315635059e-05
888.0,0.0,0.000996323317876207,0.0
889.0,0.0,0.0010793502610325577,8.302694315635059e-05
890.0,0.0,0.000996323317876207,0.0
891.0,0.0,0.0006642155452508047,0.0
892.0,8.302694315635059e-05,0.0007472424884071553,0.0
893.0,0.0,0.0005811886020944541,8.302694315635059e-05
894.0,0.0,0.0006642155452508047,0.0
895.0,8.302694315635059e-05,0.0006642155452508047,8.302694315635059e-05
896.0,8.302694315635059e-05,0.00041513471578175293,0.0
897.0,8.302694315635059e-05,0.0009132963747198565,0.0
898.0,0.0,0.0010793502610325577,8.302694315635059e-05
899.0,0.0,0.0010793502610325577,8.302694315635059e-05
900.0,0.0,0.0010793502610325577,8.302694315635059e-05
901.0,0.0,0.0010793502610325577,8.302694315635059e-05
902.0,0.0,0.0010793502610325577,8.302694315635059e-05
903.0,8.302694315635059e-05,0.0007472424884071553,0.0
904.0,8.302694315635059e-05,0.00033210777262540235,8.302694315635059e-05
905.0,8.302694315635059e-05,0.00033210777262540235,8.302694315635059e-05
906.0,8.302694315635059e-05,8.302694315635059e-05,0.00016605388631270117
907.0,0.00024908082946905176,0.00033210777262540235,0.00024908082946905176
908.0,0.00024908082946905176,8.302694315635059e-05,0.00016605388631270117
909.0,0.00016605388631270117,8.302694315635059e-05,8.302694315635059e-05
910.0,0.00024908082946905176,8.302694315635059e-05,0.0
911.0,0.00016605388631270117,8.302694315635059e-05,8.302694315635059e-05
912.0,0.00024908082946905176,0.00016605388631270117,8.302694315635059e-05
913.0,8.302694315635059e-05,0.00033210777262540235,8.302694315635059e-05
914.0,8.302694315635059e-05,0.0006642155452508047,8.302694315635059e-05
915.0,8.302694315635059e-05,0.0006642155452508047,8.302694315635059e-05
916.0,0.0,0.0008302694315635059,0.0
917.0,0.00016605388631270117,0.0008302694315635059,0.0
918.0,8.302694315635059e-05,0.0007472424884071553,0.0
919.0,8.302694315635059e-05,0.0009132963747198565,0.0
920.0,0.0,0.000996323317876207,0.0
921.0,0.0,0.0009132963747198565,8.302694315635059e-05
922.0,0.0,0.000996323317876207,0.0
923.0,8.302694315635059e-05,0.000996323317876207,8.302694315635059e-05
924.0,0.0,0.0009132963747198565,8.302694315635059e-05
925.0,8.302694315635059e-05,0.0008302694315635059,8.302694315635059e-05
926.0,8.302694315635059e-05,0.0007472424884071553,0.0
927.0,0.0,0.0007472424884071553,8.302694315635059e-05
928.0,0.00016605388631270117,0.0006642155452508047,0.0
929.0,8.302694315635059e-05,0.0010793502610325577,0.0
930.0,0.0,0.0010793502610325577,8.302694315635059e-05
931.0,0.0,0.0008302694315635059,0.0
932.0,0.0,0.0009132963747198565,8.302694315635059e-05
933.0,0.0,0.0010793502610325577,8.302694315635059e-05
934.0,8.302694315635059e-05,0.0009132963747198565,0.0
935.0,0.0,0.0008302694315635059,0.00016605388631270117
936.0,0.0,0.0008302694315635059,0.0
937.0,8.302694315635059e-05,0.0010793502610325577,0.0
938.0,0.0,0.0010793502610325577,8.302694315635059e-05
939.0,8.302694315635059e-05,0.0010793502610325577,0.0
940.0,0.0,0.0009132963747198565,8.302694315635059e-05
941.0,8.302694315635059e-05,0.0006642155452508047,8.302694315635059e-05
942.0,8.302694315635059e-05,0.0005811886020944541,0.0
943.0,0.00033210777262540235,0.00024908082946905176,0.00024908082946905176
944.0,8.302694315635059e-05,0.0004981616589381035,8.302694315635059e-05
945.0,0.00016605388631270117,0.00024908082946905176,8.302694315635059e-05
946.0,8.302694315635059e-05,0.0006642155452508047,8.302694315635059e-05
947.0,8.302694315635059e-05,0.0004981616589381035,8.302694315635059e-05
948.0,0.0,0.00033210777262540235,0.0
949.0,0.0,0.0004981616589381035,0.0
950.0,8.302694315635059e-05,0.00041513471578175293,0.0
951.0,8.302694315635059e-05,0.0007472424884071553,0.0
952.0,0.00016605388631270117,0.0006642155452508047,0.0
953.0,0.00016605388631270117,0.0007472424884071553,8.302694315635059e-05
954.0,0.00016605388631270117,0.0006642155452508047,0.0
955.0,8.302694315635059e-05,0.0005811886020944541,0.0
956.0,0.0,0.0008302694315635059,0.0
957.0,0.0,0.0008302694315635059,0.0
958.0,0.0,0.0008302694315635059,0.0
959.0,0.0,0.0009132963747198565,8.302694315635059e-05
960.0,8.302694315635059e-05,0.0007472424884071553,0.0
961.0,8.302694315635059e-05,0.0007472424884071553,0.0
962.0,0.0,0.0005811886020944541,8.302694315635059e-05
963.0,8.302694315635059e-05,0.0007472424884071553,0.0
964.0,8.302694315635059e-05,0.0007472424884071553,0.0
965.0,0.0,0.0010793502610325577,8.302694315635059e-05
966.0,0.0,0.000996323317876207,0.0
967.0,8.302694315635059e-05,0.0009132963747198565,0.0
968.0,0.00016605388631270117,0.000996323317876207,0.0
969.0,8.302694315635059e-05,0.00041513471578175293,0.0
970.0,0.00016605388631270117,0.0008302694315635059,0.0
971.0,8.302694315635059e-05,0.0009132963747198565,0.0
972.0,0.00016605388631270117,0.0008302694315635059,0.0
973.0,0.0,0.0008302694315635059,0.0
974.0,0.0,0.0007472424884071553,8.302694315635059e-05
975.0,0.00016605388631270117,0.0006642155452508047,0.0
976.0,0.00016605388631270117,0.0006642155452508047,0.0
977.0,8.302694315635059e-05,0.0007472424884071553,0.0
978.0,0.00024908082946905176,0.0004981616589381035,8.302694315635059e-05
979.0,8.302694315635059e-05,0.0007472424884071553,0.0
980.0,0.0,0.0006642155452508047,0.0
981.0,0.0,0.0010793502610325577,8.302694315635059e-05
982.0,0.0,0.0010793502610325577,8.302694315635059e-05
983.0,0.0,0.0010793502610325577,8.302694315635059e-05
984.0,0.0,0.0010793502610325577,8.302694315635059e-05
985.0,0.0,0.0010793502610325577,8.302694315635059e-05
986.0,0.0,0.0009132963747198565,8.302694315635059e-05
987.0,8.302694315635059e-05,0.0005811886020944541,0.00016605388631270117
988.0,0.00016605388631270117,0.000996323317876207,0.0
989.0,0.0,0.0008302694315635059,0.0
990.0,0.0,0.0004981616589381035,0.0
991.0,0.00016605388631270117,0.0004981616589381035,0.0
992.0,0.0,0.0007472424884071553,8.302694315635059e-05
993.0,0.0,0.000996323317876207,0.0
994.0,0.0,0.0008302694315635059,0.00016605388631270117
995.0,0.00016605388631270117,0.0004981616589381035,0.0
996.0,8.302694315635059e-05,0.0004981616589381035,8.302694315635059e-05
997.0,8.302694315635059e-05,0.0007472424884071553,0.0
998.0,0.0,0.0008302694315635059,0.0
999.0,0.0,0.0009132963747198565,8.302694315635059e-05
1000.0,0.0,0.0010793502610325577,8.302694315635059e-05
1001.0,0.0,0.0010793502610325577,8.302694315635059e-05
1002.0,0.0,0.0010793502610325577,8.302694315635059e-05
1003.0,8.302694315635059e-05,0.000996323317876207,8.302694315635059e-05
1004.0,0.0,0.0007472424884071553,8.302694315635059e-05
1005.0,0.0,0.0007472424884071553,8.302694315635059e-05
1006.0,0.0,0.000996323317876207,0.00016605388631270117
1007.0,8.302694315635059e-05,0.0007472424884071553,0.0
1008.0,0.0,0.0008302694315635059,0.0
1009.0,0.0,0.0006642155452508047,0.0
1010.0,0.0,0.0006642155452508047,0.0
1011.0,8.302694315635059e-05,0.0010793502610325577,0.0
1012.0,0.0,0.0007472424884071553,8.302694315635059e-05
1013.0,0.0,0.00041513471578175293,8.302694315635059e-05
1014.0,0.0,0.00033210777262540235,0.0
1015.0,0.00024908082946905176,0.0006642155452508047,8.302694315635059e-05
1016.0,0.0,0.0005811886020944541,8.302694315635059e-05
1017.0,0.0,0.0006642155452508047,0.0
1018.0,8.302694315635059e-05,0.0006642155452508047,8.302694315635059e-05
1019.0,0.0,0.0009132963747198565,8.302694315635059e-05
1020.0,8.302694315635059e-05,0.0008302694315635059,8.302694315635059e-05
1021.0,0.0,0.0006642155452508047,0.00016605388631270117
1022.0,0.0,0.0004981616589381035,0.00016605388631270117
1023.0,8.302694315635059e-05,0.0005811886020944541,0.0
1024.0,0.0,0.0004981616589381035,0.0
1025.0,0.00016605388631270117,0.0004981616589381035,0.0
1026.0,8.302694315635059e-05,0.00041513471578175293,0.0
1027.0,0.00016605388631270117,0.0006642155452508047,0.0
1028.0,8.302694315635059e-05,0.0006642155452508047,8.302694315635059e-05
1029.0,0.0,0.0007472424884071553,8.302694315635059e-05
1030.0,8.302694315635059e-05,0.0005811886020944541,0.0
1031.0,0.00024908082946905176,0.0005811886020944541,0.0
1032.0,8.302694315635059e-05,0.0007472424884071553,0.0
1033.0,0.0,0.0008302694315635059,0.0
1034.0,8.302694315635059e-05,0.0010793502610325577,0.0
1035.0,0.0,0.0010793502610325577,8.302694315635059e-05
1036.0,8.302694315635059e-05,0.000996323317876207,8.302694315635059e-05
1037.0,0.0,0.0009132963747198565,8.302694315635059e-05
1038.0,0.0,0.0006642155452508047,0.0
1039.0,8.302694315635059e-05,0.000996323317876207,8.302694315635059e-05
1040.0,8.302694315635059e-05,0.0009132963747198565,0.0
1041.0,8.302694315635059e-05,0.0010793502610325577,0.0
1042.0,8.302694315635059e-05,0.0010793502610325577,0.0
1043.0,0.0,0.0009132963747198565,8.302694315635059e-05
1044.0,0.0,0.0009132963747198565,8.302694315635059e-05
1045.0,0.0,0.0008302694315635059,0.0
1046.0,8.302694315635059e-05,0.0010793502610325577,0.0
1047.0,0.0,0.0007472424884071553,8.302694315635059e-05
1048.0,0.00016605388631270117,0.0009132963747198565,8.302694315635059e-05
1049.0,8.302694315635059e-05,0.0006642155452508047,8.302694315635059e-05
1050.0,0.00016605388631270117,0.0009132963747198565,8.302694315635059e-05
1051.0,8.302694315635059e-05,0.0009132963747198565,0.0
1052.0,0.0,0.0009132963747198565,8.302694315635059e-05
1053.0,0.0,0.0007472424884071553,8.302694315635059e-05
1054.0,8.302694315635059e-05,0.0005811886020944541,0.00016605388631270117
1055.0,0.00016605388631270117,0.00033210777262540235,0.0
1056.0,0.00033210777262540235,0.00041513471578175293,8.302694315635059e-05
1057.0,0.00033210777262540235,0.0004981616589381035,0.0
1058.0,0.00016605388631270117,0.00033210777262540235,0.00016605388631270117
1059.0,0.00024908082946905176,0.00024908082946905176,0.0
1060.0,8.302694315635059e-05,0.00041513471578175293,0.0
1061.0,0.00016605388631270117,0.0008302694315635059,0.0
1062.0,0.0,0.0010793502610325577,8.302694315635059e-05
1063.0,0.0,0.0010793502610325577,8.302694315635059e-05
1064.0,0.0,0.0010793502610325577,8.302694315635059e-05
1065.0,0.0,0.0010793502610325577,8.302694315635059e-05
1066.0,0.0,0.0010793502610325577,8.302694315635059e-05
1067.0,8.302694315635059e-05,0.0010793502610325577,0.0
1068.0,8.302694315635059e-05,0.000996323317876207,8.302694315635059e-05
1069.0,0.0,0.0010793502610325577,8.302694315635059e-05
1070.0,0.0,0.0009132963747198565,8.302694315635059e-05
1071.0,0.0,0.0009132963747198565,8.302694315635059e-05
1072.0,8.302694315635059e-05,0.0008302694315635059,8.302694315635059e-05
1073.0,0.0,0.0006642155452508047,0.0
1074.0,0.0,0.000996323317876207,0.0
1075.0,0.0,0.000996323317876207,0.0
1076.0,8.302694315635059e-05,0.0006642155452508047,8.302694315635059e-05
1077.0,0.0,0.0006642155452508047,0.0
1078.0,0.0,0.0006642155452508047,0.0
1079.0,8.302694315635059e-05,0.0005811886020944541,0.0
1080.0,0.0,0.0005811886020944541,8.302694315635059e-05
1081.0,0.0,0.0008302694315635059,0.0
1082.0,8.302694315635059e-05,0.000996323317876207,8.302694315635059e-05
1083.0,0.0,0.0010793502610325577,8.302694315635059e-05
1084.0,8.302694315635059e-05,0.0010793502610325577,0.0
1085.0,0.0,0.000996323317876207,0.0
1086.0,0.0,0.000996323317876207,0.0
1087.0,8.302694315635059e-05,0.0010793502610325577,0.0
1088.0,8.302694315635059e-05,0.0009132963747198565,0.0
1089.0,0.0,0.0008302694315635059,0.0
1090.0,0.0,0.0010793502610325577,8.302694315635059e-05
1091.0,0.0,0.0010793502610325577,8.302694315635059e-05
1092.0,0.0,0.0008302694315635059,0.0
1093.0,0.00016605388631270117,0.0008302694315635059,0.0
1094.0,0.0,0.0010793502610325577,8.302694315635059e-05
1095.0,0.0,0.0010793502610325577,8.302694315635059e-05
1096.0,0.0,0.0010793502610325577,8.302694315635059e-05
1097.0,8.302694315635059e-05,0.0010793502610325577,0.0
1098.0,0.0,0.0008302694315635059,0.0
1099.0,0.0,0.0010793502610325577,8.302694315635059e-05
1100.0,0.0,0.0010793502610325577,8.302694315635059e-05
1101.0,0.0,0.0010793502610325577,8.302694315635059e-05
1102.0,8.302694315635059e-05,0.0010793502610325577,0.0
1103.0,8.302694315635059e-05,0.0010793502610325577,0.0
1104.0,8.302694315635059e-05,0.0010793502610325577,0.0
1105.0,0.0,0.0010793502610325577,8.302694315635059e-05
1106.0,8.302694315635059e-05,0.000996323317876207,8.302694315635059e-05
1107.0,0.0,0.0007472424884071553,8.302694315635059e-05
1108.0,0.0,0.0006642155452508047,0.0
1109.0,0.0,0.0005811886020944541,8.302694315635059e-05
1110.0,8.302694315635059e-05,0.0007472424884071553,0.0
1111.0,0.00016605388631270117,0.000996323317876207,0.0
1112.0,0.0,0.000996323317876207,0.0
1113.0,0.0,0.0010793502610325577,8.302694315635059e-05
1114.0,8.302694315635059e-05,0.0009132963747198565,0.0
1115.0,8.302694315635059e-05,0.000996323317876207,8.302694315635059e-05
1116.0,0.0,0.0009132963747198565,8.302694315635059e-05
1117.0,0.00016605388631270117,0.0008302694315635059,0.0
1118.0,0.0,0.0007472424884071553,8.302694315635059e-05
1119.0,0.0,0.0008302694315635059,0.0
1120.0,0.0,0.000996323317876207,0.0
1121.0,8.302694315635059e-05,0.0009132963747198565,0.00016605388631270117
1122.0,8.302694315635059e-05,0.0007472424884071553,0.0
1123.0,0.0,0.0008302694315635059,0.0
1124.0,0.0,0.0008302694315635059,0.0
1125.0,0.0,0.0008302694315635059,0.0
1126.0,8.302694315635059e-05,0.0010793502610325577,0.0
1127.0,8.302694315635059e-05,0.0010793502610325577,0.0
1128.0,0.0,0.0010793502610325577,8.302694315635059e-05
1129.0,0.0,0.0009132963747198565,8.302694315635059e-05
1130.0,0.0,0.000996323317876207,0.0
1131.0,0.0,0.0008302694315635059,0.00016605388631270117
1132.0,0.0,0.0007472424884071553,8.302694315635059e-05
1133.0,8.302694315635059e-05,0.00041513471578175293,0.0
1134.0,8.302694315635059e-05,0.00041513471578175293,0.0
1135.0,0.00016605388631270117,0.0004981616589381035,0.00016605388631270117
1136.0,0.0,0.0004981616589381035,0.0
1137.0,8.302694315635059e-05,0.0005811886020944541,0.0
1138.0,8.302694315635059e-05,0.0009132963747198565,0.0
1139.0,8.302694315635059e-05,0.0007472424884071553,0.0
1140.0,0.0,0.0008302694315635059,0.0
1141.0,0.0,0.0005811886020944541,8.302694315635059e-05
1142.0,8.302694315635059e-05,0.0005811886020944541,0.0
1143.0,0.00016605388631270117,0.0006642155452508047,0.0
1144.0,8.302694315635059e-05,0.0004981616589381035,8.302694315635059e-05
1145.0,0.0,0.0007472424884071553,0.00024908082946905176
1146.0,0.0,0.0006642155452508047,0.00033210777262540235
1147.0,0.00024908082946905176,0.00041513471578175293,0.0
1148.0,0.00016605388631270117,0.00041513471578175293,0.00024908082946905176
1149.0,0.00016605388631270117,0.00041513471578175293,8.302694315635059e-05
1150.0,8.302694315635059e-05,0.00024908082946905176,0.0
1151.0,0.00016605388631270117,0.00041513471578175293,0.00024908082946905176
1152.0,0.00016605388631270117,0.00041513471578175293,0.00024908082946905176
1153.0,0.00016605388631270117,0.00033210777262540235,0.0
1154.0,8.302694315635059e-05,8.302694315635059e-05,0.00016605388631270117
1155.0,0.00016605388631270117,8.302694315635059e-05,0.00024908082946905176
1156.0,8.302694315635059e-05,0.0,0.00041513471578175293
1157.0,0.00024908082946905176,0.0,0.00041513471578175293
1158.0,0.0,8.302694315635059e-05,0.00041513471578175293
1159.0,8.302694315635059e-05,8.302694315635059e-05,0.00033210777262540235
1160.0,0.00024908082946905176,0.0,0.00041513471578175293
1161.0,0.00016605388631270117,0.0,0.0004981616589381035
1162.0,8.302694315635059e-05,0.0,0.0007472424884071553
1163.0,0.00024908082946905176,0.0,0.0007472424884071553
1164.0,0.00016605388631270117,0.0,0.0008302694315635059
1165.0,8.302694315635059e-05,0.0,0.0009132963747198565
1166.0,0.0,8.302694315635059e-05,0.0010793502610325577
1167.0,0.0,0.0,0.000996323317876207
1168.0,0.0,0.00016605388631270117,0.0008302694315635059
1169.0,8.302694315635059e-05,0.0,0.0009132963747198565
1170.0,0.0,8.302694315635059e-05,0.0009132963747198565
1171.0,8.302694315635059e-05,8.302694315635059e-05,0.000996323317876207
1172.0,0.0,8.302694315635059e-05,0.0009132963747198565
1173.0,0.0,8.302694315635059e-05,0.0010793502610325577
1174.0,8.302694315635059e-05,0.0,0.0010793502610325577
1175.0,8.302694315635059e-05,0.0,0.0010793502610325577
1176.0,0.0,8.302694315635059e-05,0.0009132963747198565
1177.0,8.302694315635059e-05,0.0,0.0010793502610325577
1178.0,8.302694315635059e-05,0.0,0.0010793502610325577
1179.0,0.0,8.302694315635059e-05,0.0009132963747198565
1180.0,0.0,0.0,0.0008302694315635059
1181.0,0.0,0.0,0.0008302694315635059
1182.0,0.0,8.302694315635059e-05,0.0010793502610325577
1183.0,0.0,0.00016605388631270117,0.0006642155452508047
1184.0,0.00016605388631270117,0.0,0.000996323317876207
1185.0,0.0,8.302694315635059e-05,0.0010793502610325577
1186.0,0.0,8.302694315635059e-05,0.0009132963747198565
1187.0,0.0,0.0,0.0006642155452508047
1188.0,0.00016605388631270117,8.302694315635059e-05,0.0005811886020944541
1189.0,8.302694315635059e-05,0.00016605388631270117,0.00041513471578175293
1190.0,8.302694315635059e-05,0.00016605388631270117,0.0005811886020944541
1191.0,8.302694315635059e-05,8.302694315635059e-05,0.0004981616589381035
1192.0,8.302694315635059e-05,0.00016605388631270117,0.00041513471578175293
1193.0,0.0,0.0,0.0004981616589381035
1194.0,8.302694315635059e-05,8.302694315635059e-05,0.0006642155452508047
1195.0,8.302694315635059e-05,0.00024908082946905176,0.0004981616589381035
1196.0,0.00016605388631270117,8.302694315635059e-05,0.0005811886020944541
1197.0,0.00024908082946905176,0.0,0.00041513471578175293
1198.0,0.00024908082946905176,0.0,0.0005811886020944541
1199.0,8.302694315635059e-05,0.0,0.0007472424884071553
1200.0,8.302694315635059e-05,0.0,0.0009132963747198565
1201.0,0.0,0.0,0.0008302694315635059
1202.0,0.0,0.0,0.0006642155452508047
1203.0,0.00016605388631270117,8.302694315635059e-05,0.0007472424884071553
1204.0,8.302694315635059e-05,0.0,0.0010793502610325577
1205.0,0.00016605388631270117,0.0,0.0008302694315635059
1206.0,8.302694315635059e-05,0.0,0.0009132963747198565
1207.0,0.0,8.302694315635059e-05,0.0010793502610325577
1208.0,0.0,0.0,0.000996323317876207
1209.0,0.0,8.302694315635059e-05,0.0009132963747198565
1210.0,0.0,0.0,0.0008302694315635059
1211.0,0.0,8.302694315635059e-05,0.0009132963747198565
1212.0,8.302694315635059e-05,8.302694315635059e-05,0.0008302694315635059
1213.0,8.302694315635059e-05,8.302694315635059e-05,0.0006642155452508047
1214.0,0.00016605388631270117,0.0,0.0004981616589381035
1215.0,0.00024908082946905176,0.0,0.00041513471578175293
1216.0,8.302694315635059e-05,0.00016605388631270117,0.00024908082946905176
1217.0,0.00016605388631270117,8.302694315635059e-05,0.00024908082946905176
1218.0,8.302694315635059e-05,0.00024908082946905176,0.00016605388631270117
1219.0,0.00033210777262540235,0.00016605388631270117,0.00033210777262540235
1220.0,0.00024908082946905176,0.00024908082946905176,0.0
1221.0,0.00024908082946905176,0.00041513471578175293,0.0
1222.0,8.302694315635059e-05,0.0007472424884071553,0.0
1223.0,8.302694315635059e-05,0.0009132963747198565,0.0
1224.0,8.302694315635059e-05,0.0006642155452508047,8.302694315635059e-05
1225.0,0.0,0.0009132963747198565,8.302694315635059e-05
1226.0,0.0,0.0006642155452508047,0.0
1227.0,8.302694315635059e-05,0.0005811886020944541,0.0
1228.0,0.0,0.0008302694315635059,0.0
1229.0,0.0,0.000996323317876207,0.0
1230.0,8.302694315635059e-05,0.0007472424884071553,0.0
1231.0,8.302694315635059e-05,0.0008302694315635059,8.302694315635059e-05
1232.0,8.302694315635059e-05,0.0004981616589381035,8.302694315635059e-05
1233.0,0.00016605388631270117,0.0006642155452508047,0.0
1234.0,8.302694315635059e-05,0.0009132963747198565,0.0
1235.0,0.0,0.0006642155452508047,0.00016605388631270117
1236.0,0.00016605388631270117,0.0006642155452508047,0.00016605388631270117
1237.0,8.302694315635059e-05,0.0005811886020944541,0.0
1238.0,8.302694315635059e-05,0.0005811886020944541,0.0
1239.0,8.302694315635059e-05,0.0006642155452508047,8.302694315635059e-05
1240.0,0.0,0.0009132963747198565,8.302694315635059e-05
1241.0,0.0,0.000996323317876207,0.0
1242.0,8.302694315635059e-05,0.0010793502610325577,0.0
1243.0,8.302694315635059e-05,0.0010793502610325577,0.0
1244.0,8.302694315635059e-05,0.0010793502610325577,0.0
1245.0,0.0,0.0010793502610325577,8.302694315635059e-05
1246.0,0.0,0.0010793502610325577,8.302694315635059e-05
1247.0,0.0,0.000996323317876207,0.0
1248.0,0.0,0.000996323317876207,0.0
1249.0,0.00016605388631270117,0.000996323317876207,0.0
1250.0,8.302694315635059e-05,0.0008302694315635059,8.302694315635059e-05
1251.0,0.0,0.0009132963747198565,8.302694315635059e-05
1252.0,0.0,0.0009132963747198565,8.302694315635059e-05
1253.0,8.302694315635059e-05,0.0008302694315635059,8.302694315635059e-05
1254.0,0.0,0.0006642155452508047,0.0
1255.0,0.00024908082946905176,0.0004981616589381035,8.302694315635059e-05
1256.0,0.00016605388631270117,0.0007472424884071553,8.302694315635059e-05
1257.0,8.302694315635059e-05,0.0007472424884071553,0.0
1258.0,0.00016605388631270117,0.0006642155452508047,0.0
1259.0,8.302694315635059e-05,0.0005811886020944541,0.00016605388631270117
1260.0,0.00016605388631270117,0.0005811886020944541,8.302694315635059e-05
1261.0,0.00016605388631270117,0.0007472424884071553,8.302694315635059e-05
1262.0,0.0,0.0009132963747198565,8.302694315635059e-05
1263.0,0.0,0.0009132963747198565,8.302694315635059e-05
1264.0,8.302694315635059e-05,0.0010793502610325577,0.0
1265.0,0.0,0.000996323317876207,0.0
1266.0,0.0,0.0010793502610325577,8.302694315635059e-05
1267.0,0.0,0.0010793502610325577,8.302694315635059e-05
1268.0,0.0,0.000996323317876207,0.0
1269.0,0.0,0.0010793502610325577,8.302694315635059e-05
1270.0,0.0,0.0010793502610325577,8.302694315635059e-05
1271.0,0.0,0.0010793502610325577,8.302694315635059e-05
1272.0,0.0,0.0010793502610325577,8.302694315635059e-05
1273.0,0.0,0.0010793502610325577,8.302694315635059e-05
1274.0,0.0,0.0006642155452508047,0.0
1275.0,8.302694315635059e-05,0.0007472424884071553,0.0
1276.0,0.00016605388631270117,0.0004981616589381035,0.0
1277.0,0.0,0.0007472424884071553,8.302694315635059e-05
1278.0,8.302694315635059e-05,0.00041513471578175293,0.00016605388631270117
1279.0,0.00033210777262540235,0.00041513471578175293,8.302694315635059e-05
1280.0,0.00024908082946905176,0.00041513471578175293,0.0
1281.0,8.302694315635059e-05,0.00024908082946905176,0.00016605388631270117
1282.0,0.00016605388631270117,0.00033210777262540235,0.00016605388631270117
1283.0,0.00016605388631270117,0.00024908082946905176,8.302694315635059e-05
1284.0,0.00024908082946905176,0.00016605388631270117,0.00024908082946905176
1285.0,0.00033210777262540235,0.00033210777262540235,0.00033210777262540235
1286.0,0.00033210777262540235,0.00033210777262540235,0.00016605388631270117
1287.0,0.00041513471578175293,0.00024908082946905176,0.00016605388631270117
1288.0,0.00016605388631270117,0.0005811886020944541,8.302694315635059e-05
1289.0,0.00024908082946905176,0.0006642155452508047,8.302694315635059e-05
1290.0,0.00016605388631270117,0.0004981616589381035,0.0
1291.0,8.302694315635059e-05,0.0004981616589381035,8.302694315635059e-05
1292.0,0.00024908082946905176,0.00041513471578175293,0.0
1293.0,0.00033210777262540235,0.00024908082946905176,8.302694315635059e-05
1294.0,0.00016605388631270117,8.302694315635059e-05,0.00041513471578175293
1295.0,0.00024908082946905176,8.302694315635059e-05,0.00016605388631270117
1296.0,0.00024908082946905176,8.302694315635059e-05,0.00033210777262540235
1297.0,0.00024908082946905176,0.00016605388631270117,0.00024908082946905176
1298.0,0.0,0.00024908082946905176,0.00024908082946905176
1299.0,8.302694315635059e-05,8.302694315635059e-05,0.0008302694315635059
1300.0,0.0,8.302694315635059e-05,0.0010793502610325577
1301.0,0.0,8.302694315635059e-05,0.0010793502610325577
1302.0,0.0,8.302694315635059e-05,0.0010793502610325577
1303.0,0.0,8.302694315635059e-05,0.0010793502610325577
1304.0,0.0,0.0,0.000996323317876207
1305.0,8.302694315635059e-05,0.0,0.0010793502610325577
1306.0,0.0,8.302694315635059e-05,0.0010793502610325577
1307.0,8.302694315635059e-05,0.0,0.0010793502610325577
1308.0,0.0,0.0,0.000996323317876207
1309.0,0.0,0.0,0.000996323317876207
1310.0,0.0,8.302694315635059e-05,0.0009132963747198565
1311.0,8.302694315635059e-05,8.302694315635059e-05,0.0006642155452508047
1312.0,0.0,8.302694315635059e-05,0.0009132963747198565
1313.0,8.302694315635059e-05,0.0,0.0009132963747198565
1314.0,0.0,8.302694315635059e-05,0.0010793502610325577
1315.0,8.302694315635059e-05,0.00016605388631270117,0.0005811886020944541
1316.0,0.0,8.302694315635059e-05,0.00041513471578175293
1317.0,0.0,0.0,0.0004981616589381035
1318.0,8.302694315635059e-05,0.0,0.0005811886020944541
1319.0,0.00016605388631270117,0.0,0.0004981616589381035
1320.0,8.302694315635059e-05,0.0,0.0007472424884071553
1321.0,8.302694315635059e-05,0.0,0.0010793502610325577
1322.0,8.302694315635059e-05,0.0,0.0010793502610325577
1323.0,0.0,0.0,0.000996323317876207
1324.0,8.302694315635059e-05,0.0,0.0010793502610325577
1325.0,0.0,8.302694315635059e-05,0.0009132963747198565
1326.0,0.0,0.0,0.000996323317876207
1327.0,0.0,0.0,0.0008302694315635059
1328.0,0.0,8.302694315635059e-05,0.0009132963747198565
1329.0,8.302694315635059e-05,8.302694315635059e-05,0.000996323317876207
1330.0,0.00016605388631270117,0.00016605388631270117,0.0004981616589381035
1331.0,0.00016605388631270117,8.302694315635059e-05,0.00041513471578175293
1332.0,0.00016605388631270117,0.0,0.00033210777262540235
1333.0,8.302694315635059e-05,0.0,0.00041513471578175293
1334.0,8.302694315635059e-05,0.0,0.00024908082946905176
1335.0,0.0,0.0,0.0006642155452508047
1336.0,8.302694315635059e-05,8.302694315635059e-05,0.0006642155452508047
1337.0,0.0,8.302694315635059e-05,0.0007472424884071553
1338.0,8.302694315635059e-05,8.302694315635059e-05,0.0006642155452508047
1339.0,8.302694315635059e-05,8.302694315635059e-05,0.000996323317876207
1340.0,8.302694315635059e-05,0.0,0.0007472424884071553
1341.0,0.0,8.302694315635059e-05,0.0009132963747198565
1342.0,0.0,8.302694315635059e-05,0.0009132963747198565
1343.0,0.0,8.302694315635059e-05,0.0010793502610325577
1344.0,8.302694315635059e-05,0.00016605388631270117,0.0009132963747198565
1345.0,0.0,8.302694315635059e-05,0.0009132963747198565
1346.0,8.302694315635059e-05,0.0,0.0009132963747198565
1347.0,8.302694315635059e-05,8.302694315635059e-05,0.0008302694315635059
1348.0,0.0,8.302694315635059e-05,0.0009132963747198565
1349.0,0.0,8.302694315635059e-05,0.0007472424884071553
1350.0,0.0,8.302694315635059e-05,0.0007472424884071553
1351.0,8.302694315635059e-05,8.302694315635059e-05,0.0006642155452508047
1352.0,0.0,0.00016605388631270117,0.0008302694315635059
1353.0,0.0,0.0,0.0004981616589381035
1354.0,0.0,8.302694315635059e-05,0.0007472424884071553
1355.0,0.0,8.302694315635059e-05,0.0009132963747198565
1356.0,0.0,0.0,0.000996323317876207
1357.0,0.0,8.302694315635059e-05,0.0010793502610325577
1358.0,0.0,0.0,0.000996323317876207
1359.0,0.0,8.302694315635059e-05,0.0010793502610325577
1360.0,8.302694315635059e-05,8.302694315635059e-05,0.0008302694315635059
1361.0,0.00016605388631270117,8.302694315635059e-05,0.0009132963747198565
1362.0,8.302694315635059e-05,0.0,0.0007472424884071553
1363.0,8.302694315635059e-05,0.0,0.0009132963747198565
1364.0,8.302694315635059e-05,8.302694315635059e-05,0.000996323317876207
1365.0,8.302694315635059e-05,0.0,0.0007472424884071553
1366.0,0.0,8.302694315635059e-05,0.0007472424884071553
1367.0,0.0,0.0,0.0008302694315635059
1368.0,8.302694315635059e-05,0.0,0.0010793502610325577
1369.0,0.0,8.302694315635059e-05,0.0010793502610325577
1370.0,0.0,8.302694315635059e-05,0.0007472424884071553
1371.0,0.0,8.302694315635059e-05,0.0007472424884071553
1372.0,8.302694315635059e-05,0.00024908082946905176,0.0004981616589381035
1373.0,8.302694315635059e-05,0.0,0.00041513471578175293
1374.0,8.302694315635059e-05,8.302694315635059e-05,0.0006642155452508047
1375.0,0.0,0.00016605388631270117,0.0008302694315635059
1376.0,0.0,8.302694315635059e-05,0.0007472424884071553
1377.0,8.302694315635059e-05,0.00033210777262540235,0.0005811886020944541
1378.0,8.302694315635059e-05,0.00016605388631270117,0.00041513471578175293
1379.0,8.302694315635059e-05,0.00016605388631270117,0.00041513471578175293
1380.0,8.302694315635059e-05,0.00016605388631270117,0.00024908082946905176
1381.0,0.00016605388631270117,8.302694315635059e-05,0.00024908082946905176
1382.0,0.00041513471578175293,8.302694315635059e-05,0.00016605388631270117
1383.0,0.00016605388631270117,0.0,0.00016605388631270117
1384.0,0.00016605388631270117,0.0,0.00033210777262540235
1385.0,0.00033210777262540235,0.00016605388631270117,0.00033210777262540235
1386.0,8.302694315635059e-05,0.00016605388631270117,0.0005811886020944541
1387.0,0.0,8.302694315635059e-05,0.0005811886020944541
1388.0,0.0,0.0,0.0006642155452508047
1389.0,8.302694315635059e-05,0.00016605388631270117,0.0005811886020944541
1390.0,0.0,8.302694315635059e-05,0.0007472424884071553
1391.0,0.0,0.0,0.0008302694315635059
1392.0,8.302694315635059e-05,8.302694315635059e-05,0.0004981616589381035
1393.0,0.0,8.302694315635059e-05,0.00024908082946905176
1394.0,0.00016605388631270117,0.0,0.0008302694315635059
1395.0,0.0,8.302694315635059e-05,0.0009132963747198565
1396.0,0.0,0.0,0.000996323317876207
1397.0,0.0,8.302694315635059e-05,0.0010793502610325577
1398.0,0.0,8.302694315635059e-05,0.0010793502610325577
1399.0,0.0,8.302694315635059e-05,0.0010793502610325577
1400.0,0.0,8.302694315635059e-05,0.0010793502610325577
1401.0,0.0,8.302694315635059e-05,0.0010793502610325577
1402.0,0.0,8.302694315635059e-05,0.0005811886020944541
1403.0,0.00016605388631270117,0.0,0.0008302694315635059
1404.0,0.00016605388631270117,0.0,0.0008302694315635059
1405.0,0.0,0.0,0.000996323317876207
1406.0,0.0,8.302694315635059e-05,0.0010793502610325577
1407.0,0.0,8.302694315635059e-05,0.0010793502610325577
1408.0,0.0,8.302694315635059e-05,0.0010793502610325577
1409.0,0.0,8.302694315635059e-05,0.0010793502610325577
1410.0,0.0,0.0,0.0008302694315635059
1411.0,0.0,0.0,0.0006642155452508047
1412.0,0.00016605388631270117,0.0,0.0004981616589381035
1413.0,8.302694315635059e-05,8.302694315635059e-05,0.0006642155452508047
1414.0,8.302694315635059e-05,8.302694315635059e-05,0.0004981616589381035
1415.0,0.00016605388631270117,0.0,0.0006642155452508047
1416.0,8.302694315635059e-05,0.0,0.0007472424884071553
1417.0,0.0,0.0,0.000996323317876207
1418.0,0.0,8.302694315635059e-05,0.0010793502610325577
1419.0,8.302694315635059e-05,0.0,0.0009132963747198565
1420.0,0.0,8.302694315635059e-05,0.0010793502610325577
1421.0,0.00016605388631270117,0.0,0.000996323317876207
1422.0,8.302694315635059e-05,0.0,0.0009132963747198565
1423.0,0.0,0.0,0.0008302694315635059
1424.0,0.0,0.0,0.0006642155452508047
1425.0,8.302694315635059e-05,0.0,0.0007472424884071553
1426.0,8.302694315635059e-05,8.302694315635059e-05,0.0008302694315635059
1427.0,0.0,8.302694315635059e-05,0.0007472424884071553
1428.0,0.0,0.0,0.0006642155452508047
1429.0,0.0,0.0,0.00016605388631270117
1430.0,0.0,8.302694315635059e-05,0.00041513471578175293
1431.0,0.0,8.302694315635059e-05,0.0009132963747198565
1432.0,8.302694315635059e-05,0.0,0.0009132963747198565
1433.0,8.302694315635059e-05,0.0,0.0007472424884071553
1434.0,0.00016605388631270117,0.0,0.0008302694315635059
1435.0,8.302694315635059e-05,0.0,0.0007472424884071553
1436.0,0.00024908082946905176,8.302694315635059e-05,0.0004981616589381035
1437.0,0.00016605388631270117,0.0,0.0008302694315635059
1438.0,0.0,8.302694315635059e-05,0.0010793502610325577
1439.0,0.0,8.302694315635059e-05,0.0010793502610325577
1440.0,0.0,8.302694315635059e-05,0.0010793502610325577
1441.0,0.0,0.0,0.000996323317876207
1442.0,0.0,0.0,0.0004981616589381035
1443.0,0.0,0.0,0.0006642155452508047
1444.0,0.00016605388631270117,0.0,0.0006642155452508047
1445.0,0.00016605388631270117,0.0,0.000996323317876207
1446.0,8.302694315635059e-05,0.0,0.0010793502610325577
1447.0,0.00016605388631270117,0.0,0.000996323317876207
1448.0,8.302694315635059e-05,0.0,0.0009132963747198565
1449.0,0.0,0.0,0.000996323317876207
1450.0,8.302694315635059e-05,0.0,0.0009132963747198565
1451.0,0.0,0.0,0.0008302694315635059
1452.0,8.302694315635059e-05,0.0,0.00041513471578175293
1453.0,8.302694315635059e-05,0.0,0.0005811886020944541
1454.0,0.00016605388631270117,0.0,0.0004981616589381035
1455.0,8.302694315635059e-05,0.0,0.0005811886020944541
1456.0,0.00024908082946905176,0.00024908082946905176,0.0004981616589381035
1457.0,0.00016605388631270117,0.00024908082946905176,0.00041513471578175293
1458.0,8.302694315635059e-05,0.00024908082946905176,0.0004981616589381035
1459.0,0.00024908082946905176,0.00016605388631270117,0.00024908082946905176
1460.0,8.302694315635059e-05,8.302694315635059e-05,0.00033210777262540235
1461.0,8.302694315635059e-05,0.00024908082946905176,0.00016605388631270117
1462.0,0.00016605388631270117,8.302694315635059e-05,8.302694315635059e-05
1463.0,8.302694315635059e-05,0.00024908082946905176,0.00033210777262540235
1464.0,0.00016605388631270117,8.302694315635059e-05,0.00024908082946905176
1465.0,0.00041513471578175293,0.00016605388631270117,8.302694315635059e-05
1466.0,0.00041513471578175293,8.302694315635059e-05,0.00016605388631270117
1467.0,0.0004981616589381035,0.0,0.00016605388631270117
1468.0,0.00033210777262540235,0.00016605388631270117,0.0004981616589381035
1469.0,8.302694315635059e-05,8.302694315635059e-05,0.0004981616589381035
1470.0,8.302694315635059e-05,0.0,0.0009132963747198565
1471.0,0.0,0.0,0.000996323317876207
1472.0,8.302694315635059e-05,8.302694315635059e-05,0.000996323317876207
1473.0,0.0,8.302694315635059e-05,0.0010793502610325577
1474.0,0.0,8.302694315635059e-05,0.0010793502610325577
1475.0,0.0,0.0,0.000996323317876207
1476.0,0.0,8.302694315635059e-05,0.0010793502610325577
1477.0,0.0,8.302694315635059e-05,0.0010793502610325577
1478.0,0.0,8.302694315635059e-05,0.0010793502610325577
1479.0,8.302694315635059e-05,8.302694315635059e-05,0.000996323317876207
1480.0,0.0,0.0,0.000996323317876207
1481.0,0.0,0.0,0.000996323317876207
1482.0,8.302694315635059e-05,0.0,0.0010793502610325577
1483.0,8.302694315635059e-05,0.0,0.0007472424884071553
1484.0,0.0,0.0,0.0008302694315635059
1485.0,0.00016605388631270117,0.0,0.0004981616589381035
1486.0,8.302694315635059e-05,8.302694315635059e-05,0.0004981616589381035
1487.0,0.00033210777262540235,8.302694315635059e-05,0.0005811886020944541
1488.0,0.0,8.302694315635059e-05,0.00041513471578175293
1489.0,8.302694315635059e-05,8.302694315635059e-05,0.0006642155452508047
1490.0,8.302694315635059e-05,8.302694315635059e-05,0.0006642155452508047
1491.0,8.302694315635059e-05,0.0,0.0007472424884071553
1492.0,0.00016605388631270117,8.302694315635059e-05,0.0009132963747198565
1493.0,0.0,8.302694315635059e-05,0.0010793502610325577
1494.0,0.0,8.302694315635059e-05,0.0009132963747198565
1495.0,8.302694315635059e-05,0.0,0.0009132963747198565
1496.0,0.0,0.0,0.000996323317876207
1497.0,0.0,8.302694315635059e-05,0.0010793502610325577
1498.0,0.0,8.302694315635059e-05,0.0010793502610325577
1499.0,0.0,8.302694315635059e-05,0.0009132963747198565
1500.0,0.0,8.302694315635059e-05,0.00041513471578175293
1501.0,0.0,0.0,0.0004981616589381035
1502.0,0.0,0.0,0.0006642155452508047
1503.0,8.302694315635059e-05,0.0,0.00041513471578175293
1504.0,8.302694315635059e-05,8.302694315635059e-05,0.0004981616589381035
1505.0,0.0,0.0,0.00033210777262540235
1506.0,0.00024908082946905176,8.302694315635059e-05,0.00033210777262540235
1507.0,0.00016605388631270117,8.302694315635059e-05,0.00041513471578175293
1508.0,0.00033210777262540235,8.302694315635059e-05,0.00041513471578175293
1509.0,8.302694315635059e-05,8.302694315635059e-05,0.00033210777262540235
1510.0,0.0,0.0,0.0008302694315635059
1511.0,0.0,8.302694315635059e-05,0.0005811886020944541
1512.0,8.302694315635059e-05,0.0,0.0007472424884071553
1513.0,8.302694315635059e-05,0.0,0.0009132963747198565
1514.0,0.0,0.0,0.0008302694315635059
1515.0,8.302694315635059e-05,8.302694315635059e-05,0.0006642155452508047
1516.0,0.00016605388631270117,8.302694315635059e-05,0.00041513471578175293
1517.0,0.0,8.302694315635059e-05,0.0005811886020944541
1518.0,0.00016605388631270117,8.302694315635059e-05,0.0007472424884071553
1519.0,8.302694315635059e-05,8.302694315635059e-05,0.0008302694315635059
1520.0,0.0,0.0,0.0006642155452508047
1521.0,8.302694315635059e-05,0.0,0.0005811886020944541
1522.0,8.302694315635059e-05,0.0,0.0007472424884071553
1523.0,0.0,8.302694315635059e-05,0.0010793502610325577
1524.0,8.302694315635059e-05,0.0,0.0010793502610325577
1525.0,0.0,8.302694315635059e-05,0.0009132963747198565
1526.0,0.0,8.302694315635059e-05,0.0007472424884071553
1527.0,8.302694315635059e-05,8.302694315635059e-05,0.00033210777262540235
1528.0,8.302694315635059e-05,8.302694315635059e-05,0.00033210777262540235
1529.0,0.00016605388631270117,0.00024908082946905176,0.00024908082946905176
1530.0,0.00016605388631270117,8.302694315635059e-05,0.00041513471578175293
1531.0,0.0,0.0,0.0004981616589381035
1532.0,8.302694315635059e-05,0.0,0.0007472424884071553
1533.0,0.00016605388631270117,0.0,0.0006642155452508047
1534.0,0.0,0.0,0.0008302694315635059
1535.0,8.302694315635059e-05,8.302694315635059e-05,0.0006642155452508047
1536.0,0.0,8.302694315635059e-05,0.0009132963747198565
1537.0,0.0,8.302694315635059e-05,0.0010793502610325577
1538.0,0.0,8.302694315635059e-05,0.0009132963747198565
1539.0,8.302694315635059e-05,0.0,0.0007472424884071553
1540.0,0.00016605388631270117,0.0,0.0008302694315635059
1541.0,0.0,0.0,0.0011623772041889082
1542.0,0.0,8.302694315635059e-05,0.0010793502610325577
1543.0,8.302694315635059e-05,0.0,0.0010793502610325577
1544.0,0.0,8.302694315635059e-05,0.0009132963747198565
1545.0,8.302694315635059e-05,8.302694315635059e-05,0.000996323317876207
1546.0,8.302694315635059e-05,0.0,0.0010793502610325577
1547.0,0.0,8.302694315635059e-05,0.0010793502610325577
1548.0,0.0,8.302694315635059e-05,0.0007472424884071553
1549.0,0.00016605388631270117,0.0,0.0006642155452508047
1550.0,0.00016605388631270117,0.00016605388631270117,0.0006642155452508047
1551.0,0.00016605388631270117,8.302694315635059e-05,0.0005811886020944541
1552.0,0.00024908082946905176,8.302694315635059e-05,0.0004981616589381035
1553.0,0.00033210777262540235,0.0,0.0004981616589381035
1554.0,0.00016605388631270117,0.0,0.0004981616589381035
1555.0,8.302694315635059e-05,0.0,0.0007472424884071553
1556.0,0.0,8.302694315635059e-05,0.0009132963747198565
1557.0,8.302694315635059e-05,0.0,0.0007472424884071553
1558.0,0.0,0.0,0.0006642155452508047
1559.0,8.302694315635059e-05,8.302694315635059e-05,0.00033210777262540235
1560.0,0.00024908082946905176,0.00024908082946905176,0.0004981616589381035
1561.0,0.00016605388631270117,0.0,0.0004981616589381035
1562.0,0.00016605388631270117,8.302694315635059e-05,0.0005811886020944541
1563.0,0.0,8.302694315635059e-05,0.00041513471578175293
1564.0,8.302694315635059e-05,0.0,0.0005811886020944541
1565.0,0.0,8.302694315635059e-05,0.0007472424884071553
1566.0,8.302694315635059e-05,8.302694315635059e-05,0.0006642155452508047
1567.0,0.0,8.302694315635059e-05,0.0005811886020944541
1568.0,8.302694315635059e-05,8.302694315635059e-05,0.0008302694315635059
1569.0,8.302694315635059e-05,0.0,0.0009132963747198565
1570.0,0.0,8.302694315635059e-05,0.0010793502610325577
1571.0,0.0,8.302694315635059e-05,0.0010793502610325577
1572.0,0.0,8.302694315635059e-05,0.0010793502610325577
1573.0,0.0,8.302694315635059e-05,0.0010793502610325577
1574.0,0.0,8.302694315635059e-05,0.0010793502610325577
1575.0,0.00016605388631270117,8.302694315635059e-05,0.0007472424884071553
1576.0,8.302694315635059e-05,8.302694315635059e-05,0.0006642155452508047
1577.0,8.302694315635059e-05,0.0,0.0005811886020944541
1578.0,8.302694315635059e-05,0.0,0.0007472424884071553
1579.0,0.0,0.0,0.0008302694315635059
1580.0,0.0,0.00016605388631270117,0.000996323317876207
1581.0,0.00024908082946905176,0.0,0.0009132963747198565
1582.0,8.302694315635059e-05,0.0,0.0010793502610325577
1583.0,0.0,8.302694315635059e-05,0.0010793502610325577
1584.0,0.0,8.302694315635059e-05,0.0010793502610325577
1585.0,0.0,8.302694315635059e-05,0.0010793502610325577
1586.0,0.0,8.302694315635059e-05,0.0009132963747198565
1587.0,8.302694315635059e-05,0.00024908082946905176,0.0004981616589381035
1588.0,0.00016605388631270117,0.00016605388631270117,0.0004981616589381035
1589.0,0.0,8.302694315635059e-05,0.0007472424884071553
1590.0,0.00016605388631270117,0.0,0.0006642155452508047
1591.0,8.302694315635059e-05,8.302694315635059e-05,0.0006642155452508047
1592.0,8.302694315635059e-05,0.0,0.0010793502610325577
1593.0,0.0,8.302694315635059e-05,0.0010793502610325577
1594.0,8.302694315635059e-05,0.0,0.0010793502610325577
1595.0,0.0,8.302694315635059e-05,0.0010793502610325577
1596.0,0.0,8.302694315635059e-05,0.0010793502610325577
1597.0,8.302694315635059e-05,8.302694315635059e-05,0.000996323317876207
1598.0,0.0,0.0,0.0008302694315635059
1599.0,0.0,0.0,0.0006642155452508047
1600.0,8.302694315635059e-05,0.0,0.0007472424884071553
1601.0,8.302694315635059e-05,0.0,0.0005811886020944541
1602.0,0.00016605388631270117,8.302694315635059e-05,0.0007472424884071553
1603.0,0.00024908082946905176,0.0,0.0005811886020944541
1604.0,0.00024908082946905176,8.302694315635059e-05,0.00033210777262540235
1605.0,8.302694315635059e-05,8.302694315635059e-05,0.0004981616589381035
1606.0,0.0,0.0,0.0004981616589381035
1607.0,0.00016605388631270117,8.302694315635059e-05,0.00024908082946905176
1608.0,0.00033210777262540235,8.302694315635059e-05,0.00041513471578175293
1609.0,0.0,0.0,0.0004981616589381035
1610.0,0.0,8.302694315635059e-05,0.0005811886020944541
1611.0,0.0,0.0,0.0004981616589381035
1612.0,8.302694315635059e-05,0.0,0.00041513471578175293
1613.0,8.302694315635059e-05,8.302694315635059e-05,0.0006642155452508047
1614.0,0.00016605388631270117,0.0,0.0006642155452508047
1615.0,0.00016605388631270117,8.302694315635059e-05,0.0007472424884071553
1616.0,8.302694315635059e-05,0.00016605388631270117,0.0005811886020944541
1617.0,0.00024908082946905176,8.302694315635059e-05,0.0004981616589381035
1618.0,0.00016605388631270117,0.00016605388631270117,0.00033210777262540235
1619.0,0.00033210777262540235,0.00016605388631270117,0.00016605388631270117
1620.0,0.00016605388631270117,0.00024908082946905176,0.00024908082946905176
