switch0,switch1,switch2,switch3
1.0,1.0,0.0,1.0
0.8822861582358223,0.8819314188883187,0.09953721324807106,0.99693411535561
0.8273081122586187,0.9645798812886803,0.05027065354147134,0.90724697126519
0.8192742270455339,0.8129518567601186,0.13514234382591384,0.9074681265647989
0.9034444303690654,0.8172559118236633,0.0161964145908595,0.8435773592115074
0.8968460294436493,0.9917626126176674,0.06500597432534228,0.8516377361046644
0.9529292556348664,0.8113045982546031,0.1670720976082904,0.9232857616384413
0.9777504297784152,0.9244362703829648,0.1719300486875558,0.8406883924622639
0.9242808482137939,0.8462830659828448,0.039155702121732916,0.8262449213571159
0.8051178365833651,0.9610777380733272,0.016881076633135074,0.9036664844075422
0.9737801704210747,0.8040627391346404,0.0796228693354389,0.9018388201446011
0.949140220702567,0.9168239984117496,0.031892149762454136,0.9290799576744031
0.8332639840033232,0.865267870085324,0.12206194243662252,0.029695871649800632
0.8328595400899035,0.8068070990196414,0.03466158551048217,0.12249113515910558
0.9688105558699425,0.9191362680098627,0.0600488740499443,0.16131885204982174
0.9271345437916664,0.9952257238378202,0.16411446074895084,0.15857810567128677
0.8836045058388144,0.9641202155236152,0.06489830650185978,0.0751427018626739
0.8339326631273094,0.8799401638728481,0.01993243899303674,0.03894350088805723
0.9165953164258482,0.9949836981509916,0.025883938959422828,0.0853617735477912
0.894475602610493,0.8019776920538539,0.12189221710162097,0.09428373023050252
0.8999441633481593,0.9661651614513432,0.19112000077274702,0.095545712952672
0.9329828841650697,0.9589423642656091,0.12167116924469885,0.10702949525143723
0.9738955648571298,0.9836079195752786,0.008264437841957939,0.07497983901317067
0.8557569679024107,0.9057973061250775,0.15081795996198347,0.10287061482587699
0.8575891262735488,0.9771605875153033,0.048744179765143364,0.012046034112004979
0.8299443445336676,0.8647059953040512,0.134803867371894,0.005267626355240963
0.9441893463606668,0.8990239210325837,0.17010965726228644,0.14405102582440393
0.8313352284442698,0.8547346976998502,0.09004218159274152,0.029878901494872358
0.9950687410642802,0.8235674377937852,0.16604157373978556,0.06401367725687608
0.8293849385482157,0.9038300555942663,0.0714162096121856,0.05585246268556252
0.8217993145426533,0.8600860836529125,0.14463918563786474,0.09802670945449819
0.9647459583635403,0.8340960873177858,0.1354926240912394,0.0857204031299213
0.9829770284427553,0.9507682935733388,0.049622862897200706,0.10756418358013263
0.9975525651123274,0.8347027577859958,0.08720690324723007,0.13741236431503132
0.867688185470534,0.889801714259419,0.07252199389096625,0.027315612778314114
0.8115897600779134,0.9603765070876324,0.0818675381814156,0.10079483950100772
0.8496597478029317,0.9031441976024248,0.11740159368013565,0.11780911804176664
0.8718842681486983,0.9102415728322109,0.1503249736766851,0.07782152766351672
0.8077940128639762,0.8175788917197415,0.14589717000892746,0.1321654611723003
0.8634436624094091,0.9709993412318658,0.100831525464191,0.08208811933971505
0.9656786854310269,0.8880576696753667,0.1212396829362723,0.0807281862894337
0.9852603237275018,0.9733664116529626,0.17965000246021637,0.14776225783435937
0.8284771192696738,0.8157528342905335,0.1231473171029127,0.13084158480395025
0.9991785108797984,0.9422104933913021,0.09150267840674249,0.11253173795108591
0.9934480382903241,0.8398440647687871,0.06409047400744716,0.049306956666417184
0.8169377538894482,0.9350722792650853,0.036708543441959396,0.1806788191493978
0.9764880449855902,0.927847795038763,0.07679588102240581,0.010753514760472616
0.8826098715439031,0.9897552796197773,0.134174823872338,0.14470807049948153
0.9286478624262531,0.8015209719776537,0.11507345411068824,0.1273421592792486
0.9836200122538559,0.9605404454113455,0.19471611236861475,0.13887724841786353
0.8873330484462676,0.9170682169995336,0.04359557614840433,0.1639646030880849
0.9237086255267034,0.8188221158238299,0.16894683425033968,0.1356582047451954
0.8770062623960713,0.8231342346744314,7.416379402993557e-05,6.583494032361692e-05
0.9771351721651156,0.8712118659607111,0.04581152201889547,0.06468639072717788
0.9664187874049575,0.8542107030333185,0.08100378385849674,0.15082214933100607
0.958487094988735,0.9011920347283324,0.10573173977995945,0.1392193520972397
0.873386210944451,0.9757113905104271,0.07151522219352335,0.07022393330888861
0.9420136568925286,0.9003612671241058,0.06968357711738081,0.14281604350061272
0.9968257311033204,0.809478313279351,0.024521062926634963,0.07411417657074851
0.8206869046225036,0.972617222744548,0.17408308375231885,0.19128242220238934
0.8429727205990294,0.9597573952521803,0.1569415892779214,0.031327821995402426
0.9249768719744338,0.8305218654060885,0.11210097163222739,0.1337236380863255
0.8196266032573015,0.9483153727431676,0.013228893303871359,0.12614931868590706
0.9296783937088428,0.9173464215867975,0.17245482881329813,0.06043268178234802
0.8047546218280092,0.8901815384860369,0.17204741989659245,0.19741363070873208
0.8647603479988848,0.864195780228903,0.06329694036012866,0.03324872369800238
0.844509244101969,0.168189166185771,0.14544271032087874,0.0436316301604776
0.8640832172692258,0.08951720892398732,0.1623058945739925,0.16304113187384617
0.9732418861364197,0.09101113061465499,0.14977159215204103,0.12703028949718945
0.9801908107015574,0.17797029487847701,0.04744950475604646,0.03529379242240001
0.8819576590155543,0.11197175264577167,0.9245372413528848,0.0718956310477686
0.9940631979556812,0.10903896410787446,0.9464189248215654,0.046403281560499714
0.9534898952181815,0.12093490139165733,0.8837056760139125,0.07330864569814666
0.8235238376821848,0.02248004807521056,0.8920596457044203,0.1998175388809718
0.9425744724542706,0.171041486337221,0.8162975929566223,0.14510924091517727
0.8335717871325184,0.13952746745706515,0.8158966365205689,0.07028172091433138
0.950697623366361,0.1486232983622385,0.9983836608477334,0.17140683784954966
0.9588861144418097,0.12148388461191054,0.8906641409007646,0.038322715503560215
0.8660965149567832,0.1650744375991637,0.8331715016116984,0.08176118926161849
0.8312030809645778,0.18231818187825477,0.8323284147202319,0.0914725108093843
0.8443347572344143,0.1685289368823436,0.8689189612019317,0.09839806691093336
0.8321638531792696,0.0013623832474359166,0.9816143061442664,0.9605868908727142
0.8493753399137172,0.17808014596438027,0.9236067873323576,0.9114073178277061
0.8875198959934621,0.03477191463071314,0.9827623801088633,0.9352660000954904
0.8146440524217415,0.0448328989809103,0.808073920342684,0.8680546080065888
0.9773123204749163,0.11909456958627651,0.9428407034385898,0.9826890257986979
0.9664906109074319,0.07227356971899215,0.9012829855788057,0.8085835910029504
0.8052968983253226,0.027137971177038468,0.8448036468323998,0.8133401887036826
0.8389275227955751,0.1670561646586988,0.8640410996687093,0.9076634351278515
0.8451146039450875,0.02361762849546667,0.9805505526117494,0.9433233505742147
0.9166084191727277,0.024402071002681505,0.9426790379555878,0.8889121330910783
0.9234588601244144,0.06157222925269861,0.9886340719596721,0.8887850537386962
0.9917953730028148,0.06546960313516126,0.9801442894583648,0.9165824539932188
0.9888052302343291,0.0081974492461812,0.8871667333693434,0.9264269964251037
0.8117319485308802,0.08496757848688961,0.834735037033258,0.9640503327560073
0.8294462380678428,0.07883819309424299,0.9945004232484098,0.88328224238065
0.9441578872512181,0.1427293290937112,0.943862287780925,0.8334443328044326
0.8070820142610977,0.020336529056949493,0.8207608297976109,0.8563685240429161
0.875996494464617,0.15229101938827824,0.9709318897482326,0.9509246095377352
0.8368386075251275,0.18688107195699816,0.992584553062353,0.920175081391863
0.9278231329910973,0.05723835845663308,0.8040865317016661,0.8301965604351024
0.8808720281334486,0.016295077246034764,0.917121098856243,0.9735575470453386
0.9155332125663033,0.154766007958056,0.8200486537438542,0.8434684104763779
0.9434250080279091,0.10608169063705473,0.9902233527283361,0.909296810060607
0.9734342267197031,0.05235415930040613,0.9569424735429519,0.8255972084784655
0.8111615316998241,0.17263849758896654,0.9741687726546485,0.8870250756440832
0.9334498234871401,0.1649753878092281,0.8812139524525425,0.9355088568418758
0.9289703219008586,0.16275068868715314,0.9678370086080876,0.8873011718886824
0.8196668485616903,0.11335665420287132,0.9060567334661298,0.8947216777387162
0.8190870349371232,0.17330915160188964,0.8092779053836787,0.8514141122029703
0.9002576308890167,0.0918878088990997,0.8608915342947887,0.8210264949543284
0.8077805667710292,0.040719620635120427,0.896859977708101,0.8648176933040842
0.8806626662945649,0.1362726163631409,0.8529671003521042,0.8860305681043681
0.8859595075876883,0.030634354676414843,0.9078912513386306,0.934180908812731
0.967899158817803,0.027844194148504187,0.9215474567119687,0.9907500143304411
0.8757118422401224,0.1651461735823394,0.8260056307451676,0.9398052727902746
0.9922370730057215,0.009843402141288605,0.8011551246919425,0.8916491670029523
0.8379183175738513,0.8723476526697174,0.9715483166889285,0.9841216807054963
0.9985107562405356,0.9614927335947784,0.8924434561401948,0.9368707835205068
0.8942700272233912,0.9252956551667155,0.936473826714281,0.8963975500439957
0.8627691266836796,0.9867464679605367,0.8577860594716484,0.914983637288133
0.9260678085945712,0.8813475896715226,0.8952304128579238,0.8222873488108452
0.8925362069292413,0.9914193350607337,0.9939313577574329,0.8041577088313009
0.804845681151125,0.9962252323219055,0.994809954016715,0.8150482631959773
0.8409705608928026,0.8713879401793684,0.9548556881500243,0.8845647043115527
0.916459447232477,0.8471677545379366,0.9455948922733164,0.8301809472328383
0.9674896373492494,0.9864539548404614,0.8650094927280595,0.8612635248256455
0.9025944859939096,0.9299324285361066,0.9100373488991452,0.9195146736135916
0.8825413716745228,0.8995094889036607,0.8770186784810359,0.8130001567855228
0.8062832320446077,0.9819427949273933,0.8123690267734512,0.8062594254974877
0.8766935802634334,0.8346499604517341,0.9927011626429915,0.9359209700726205
0.8410079905202165,0.8433155689120744,0.8097739921294037,0.9486551582360808
0.8096718085480967,0.8846359952564847,0.9005290136093957,0.8178042962751835
0.9912950083972364,0.9074629841588205,0.8306400507899384,0.9063523496989112
0.8944596169851752,0.9337640277183694,0.9286477901919521,0.9760504072952909
0.8960711641431237,0.845949965079589,0.8951414988741052,0.8689371140789157
0.9036112485086579,0.8489614121176091,0.8584811413071042,0.8185528918280621
0.932694306271637,0.9965312536439468,0.8035879890172913,0.9501787648490773
0.8825252353664407,0.872859417791888,0.8622107127920617,0.8902023673340289
0.8822797935437435,0.9827540026970047,0.8426311241969013,0.9797905203097765
0.9122518386151359,0.8064923803781979,0.8209230322500702,0.8079143514516317
0.892945621282559,0.8890186791659211,0.8360441788985069,0.8959281677145886
0.9384016888537373,0.9294434422252097,0.8020077853677202,0.03427394364142313
0.91209168688231,0.94030717658244,0.9439570249986579,0.09098327517767107
0.9112589067976656,0.9371142638764505,0.9422148399547722,0.013242425857871921
0.8229952597575303,0.9306314329127728,0.8851526247636451,0.18463261223095867
0.8068562322785373,0.9820304048726103,0.8558961909509231,0.06665512953146595
0.9837237141700529,0.8209770421163702,0.9536571800679277,0.08409352664434136
0.842228521656363,0.8050759670308144,0.857574701130009,0.03634324842141461
0.857672386536865,0.9458648455445523,0.9401451219357556,0.1417697159413517
0.8574392295028748,0.8223195225870187,0.9477613034623401,0.0392966315685402
0.026188292294072203,0.8808508805439091,0.8897192711738184,0.09826930346623333
0.03539604116307058,0.9907813975325908,0.9429538068616203,0.14557098609770958
0.0414101670057597,0.9636622008445715,0.8308871887851194,0.1131673971325158
0.00021576549584438888,0.8543972723795473,0.8948386748656164,0.18724240488044394
0.033423517365937606,0.9523095903110982,0.823662089611451,0.11793375348462719
0.007551447850656579,0.8521115589126678,0.8264557185497909,0.014492229174801486
0.15985416764635663,0.8750707059478371,0.9391139505115802,0.14325013743359905
0.06238868015731236,0.9880500627219868,0.07266006377062233,0.14009713069098031
0.0011965411131574788,0.960329115118511,0.15722045973596344,0.13592547437113534
0.1329935156829448,0.9580058693223201,0.16056357705314547,0.03667115631036107
0.018850744221597583,0.8886956454801778,0.0025934315228475892,0.19590114589813326
0.09144821152963017,0.891922279719172,0.08597636854414961,0.020557924424716625
0.07714258402552761,0.9974082836675267,0.046075742323915536,0.012795707450118689
0.13804368065356212,0.9440493096909982,0.04338637730658106,0.12794620571528567
0.14550056644050732,0.9047558316107122,0.1404097772415087,0.17733734473752924
0.12736472877989954,0.9542738751348498,0.16425652062709659,0.049278279090924575
0.11570234958331214,0.8430801387769079,0.1580467599541585,0.0642496405932184
0.17958687473186322,0.8953958140894375,0.03257165371548809,0.09744607442631109
0.0035412513185540066,0.8472123948053591,0.16196852835789677,0.10972591972966804
0.07641476160169836,0.9960429372134716,0.027910692839150243,0.11482471101385808
0.023853296490681266,0.9597039458425489,0.10927694591232631,0.15508735686837802
0.1862751645994577,0.9037052534633969,0.1017946336456893,0.14706242768713043
0.0666955372597379,0.9589015578877629,0.0007909853884772389,0.039328555179428376
0.03633899198199917,0.9693814211522573,0.11498526437208718,0.15694319998387543
0.15396686378189442,0.9066803991540371,0.09989667680292913,0.18497668431294922
0.17146434663827712,0.8748509165766547,0.10991839585569943,0.15545381217627696
0.09132598720339014,0.9574899574621181,0.15863750743797894,0.13950203022419455
0.0305350179323437,0.8124685781110502,0.029969018332539312,0.08000223795880929
0.11946786500896403,0.9748649611480829,0.19752440643601668,0.08852334038441648
0.026108947092687563,0.8368210401707203,0.029295063109227207,0.10052343530199702
0.050133985420009936,0.9289567361081685,0.030603803693674592,0.0954248964437796
0.13710792247932796,0.8656250763057799,0.06119396446062413,0.021676895004672604
0.18153317928628673,0.9207996191159911,0.16799905201027654,0.10765071976149942
0.0431101437215288,0.8989405294346604,0.06701084914846248,0.1534071457570041
0.06840730497723212,0.9621531491570492,0.07716657537378852,0.14272709628270308
0.0743931623309495,0.8237382317772781,0.19897540955976326,0.17089705152427728
0.14026734070952473,0.83127173266308,0.06517903907351633,0.09220038786759295
0.02358863141319989,0.9769569552849016,0.0726326692019413,0.019925061940394808
0.19719787954305165,0.9433290202377279,0.041363044700116425,0.10505511554927345
0.04003898317294444,0.9266204963714096,0.19420779099954374,0.054016462569692905
0.18764080263162103,0.8702457186136752,0.031640871893860355,0.0265727058654752
0.0627733840484563,0.8255617966743591,0.07254818782658688,0.10651418756622187
0.024285477035053793,0.9194875748171886,0.16500200534416076,0.03660832450508076
0.0025760924205362025,0.8656556326817894,0.1384727106995257,0.03050666426320441
0.021038929045902568,0.8426500755123576,0.1921601078118569,0.11549687359226424
0.11578770786282058,0.8502625509156105,0.013063223819952419,0.1606982519722181
0.15171612204079832,0.9684855737580091,0.16607307147895858,0.16256730506914654
0.16458670683179533,0.19566228381406792,0.0507992212287085,0.11386095175262859
0.03264133100337483,0.01132538262730689,0.06048334487459617,0.18639403131607493
0.09029573503862046,0.12340803763598558,0.1449394115289467,0.054135922245016226
0.0700204643339893,0.03787143761349346,0.0832762395085459,0.0766938448953817
0.1549295207592032,0.1453655625673715,0.1505701210282343,0.09514243189365462
0.15966189365851205,0.049911570814505125,0.11634092123163992,0.04169309875387557
0.15244002682191785,0.0024475616705298855,0.023344928220234398,0.1021009806169787
0.16284136946097622,0.029036038720774718,0.16200446295023344,0.1437732842505592
0.05992744341292416,0.1556293611474294,0.18398204863619233,0.16289911014024297
0.8681973478530177,0.046250594433965224,0.010238687599401143,0.11813361142545303
0.9262922502395592,0.07139750961171547,0.1003903422270887,0.041413091761396896
0.8097615790151941,0.0067074558920646515,0.14692342701501007,0.17081479411511766
0.959896243661312,0.11142652169043721,0.030965082296930846,0.0018376142013866838
0.9792248196665084,0.15577539700120513,0.16621239965907722,0.12637453932836643
0.9438802489706354,0.14511258486850515,0.19789955581685542,0.007517808997787978
0.9557859182266513,0.1867625195612683,0.004088547394818121,0.05818601290968413
0.9377934604692805,0.12073340705818852,0.07026129436313855,0.11088733948804502
0.9361782785026814,0.15045854113637655,0.17767074536248345,0.005023412650120252
0.8596693473757481,0.09431902407212144,0.09735457446890527,0.05338666542860613
0.8694496764962905,0.09475022603816406,0.06995516936631355,0.028463585495307187
0.8841749175000353,0.1863048435647221,0.13925802207332627,0.07346996008596085
0.9759421215417492,0.022363525760364246,0.04298278145788084,0.1902476892385198
0.8367526816703421,0.05851978550776942,0.137993024532921,0.19648231596191812
0.8072675546017677,0.18936439231464938,0.18537492354054794,0.08310895764032605
0.8040814594773495,0.14480538730817943,0.10001576919414634,0.1531110042364054
0.812167159779255,0.11473070870846183,0.0029637661330465196,0.01610562176567334
0.8636105668448535,0.07318589232809618,0.04911661357711894,0.17286412302309895
0.9339578325151165,0.16661743545067798,0.05724291676375037,0.13957884437567133
0.8728173220646152,0.06730080968850641,0.15708489815040652,0.035722196188263576
0.9930594682724043,0.12472505600905469,0.0007953947653348338,0.15992698924453727
0.8875771555450795,0.0009104862230416622,0.004127791440315121,0.0027374079018893218
0.8321703228397629,0.005754800637476376,0.038742168161170314,0.04107365761102422
0.8725893680039318,0.06274059842092065,0.11059087786932559,0.14337654542710093
0.8886342141833563,0.05332941398416396,0.09377486125292932,0.011854093797589838
0.8712962195088634,0.045333248602454405,0.11806177602645868,0.0290320389145903
0.8019347729183931,0.020635598281267088,0.02765767996737092,0.05691785333209592
0.8117971275068987,0.003887584367157726,0.007133925127098384,0.11600067094463158
0.818372713027581,0.01215768528276382,0.0007987453722431148,0.19216790774849343
0.9711367946756603,0.19980698657921075,0.151883258206548,0.05636429544585608
0.9031149251281333,0.05308406098826562,0.022705905321519462,0.07105805041487093
0.9902742126727223,0.07071187481533701,0.09247967326648253,0.03929880389892615
0.8746025912480022,0.120264105235658,0.012215529415921501,0.03842105702117509
0.9786858418085681,0.12113073522459249,0.05047213539465292,0.060135585678115215
0.8074682951515467,0.08800912746890382,0.0507079983757905,0.017326728369436273
0.9735666795240119,0.18861706546676513,0.09139998848281226,0.11625707618777315
0.998542179450832,0.11014016747216504,0.02209861948443148,0.1393511268137906
0.9197166369395583,0.034653566011028,0.1605617004749188,0.12699580152840034
0.9157222259578357,0.12239132324120548,0.16969822311924299,0.13714587586328994
0.8707867080076963,0.08458796562977433,0.05432635995591753,0.12717358368647477
0.8108291167560937,0.12137631459119949,0.15832534833762507,0.11001425716778963
0.8263656304508717,0.0073826595435688485,0.1807409195280094,0.07438237328892057
0.8224657125811279,0.04546448846578413,0.01266289095620219,0.10473349227252132
0.9819376587496568,0.0181445865598616,0.1747816971778965,0.18834324052900586
0.8303228115935235,0.09775592115925216,0.16596725863268358,0.03669505854566551
0.8191279384546692,0.07293803909172954,0.06356915806688956,0.0056508017766603085
0.9394377320431831,0.18696609847526086,0.17548626660992647,0.15604040663090177
0.9382824182833378,0.19614871418591814,0.05463742139049724,0.059683396376695556
0.828061395997051,0.03107673030814693,0.12401548734748463,0.14613876643758392
0.9636695276804093,0.09415145293646239,0.18837348404143076,0.021877693676122467
0.9299376828714742,0.19982826810624665,0.13712594518419957,0.08032662834610588
0.8728201551834167,0.16840038384362124,0.09005997121477338,0.19755291939910719
0.9990659521418367,0.03215541753298288,0.012705428531201091,0.004166068405016987
0.9553635370164394,0.062452388906813865,0.14550494474134068,0.10030467928050937
0.9090214003954666,0.0042650064988657204,0.12372999646601011,0.03048436348142769
0.8099165780237714,0.18814682434053698,0.036818204629195696,0.18475877906758598
0.801388210201538,0.18206785042759666,0.1796773988763063,0.16835886918860365
0.856173846528205,0.07489606635182298,0.06733238190676254,0.1295174040362187
0.9072119776974045,0.05903040474559445,0.027643367836251456,0.08986546872331842
0.8122581123371349,0.10190546215620765,0.19063371930310813,0.06075496121780255
0.9623903773939297,0.06465652645082647,0.07155080001204824,0.17757973732611465
0.8051995855958654,0.09092336758440618,0.14194429573241912,0.07928778184871708
0.9102162165685325,0.12031881835628028,0.0339399069872594,0.020715866124352656
0.9608976863331353,0.1624759536969489,0.04499662734980614,0.05064383521419835
0.9557869292055525,0.0058371758679205635,0.019204745668999237,0.12213247833637829
0.8437256923801605,0.047569190560476704,0.01345184036641396,0.09548404622045091
0.873495124490107,0.18976558273179023,0.1146338025225317,0.08875406407607829
0.9618030765960102,0.023385911972418773,0.0008649653263018032,0.19469480143464446
0.8464042360225653,0.1814941193424857,0.16538858063854678,0.04736891643197725
0.9269252550466219,0.034569995383941614,0.04898100271712125,0.05579174241596894
0.866847431914217,0.06379509791781264,7.918102468726929e-05,0.14585912134298595
0.9717201272958101,0.15797886210168852,0.14098546100598705,0.15563275422845693
0.997892559410074,0.13968628174156428,0.018543351231296357,0.1002204999269568
0.9861016038694855,0.18670636076253055,0.18354478631319296,0.18489841604323576
0.8178495276974594,0.09778370141400526,0.1596988207651248,0.12787453702917348
0.8769284634509795,0.1583267386167938,0.08661230532307895,0.07139157759070174
0.8148069910284628,0.1860727693386258,0.17240937987251906,0.08260451167319915
0.992509945141744,0.03336751784128527,0.059229566800542234,0.017617849582171052
0.9494499296637358,0.15648549811025647,0.09639627515130084,0.02041156245053486
0.9474692686852633,0.1304952229295039,0.11463303238553756,0.1366228169308998
0.9935216833404438,0.12645383051645306,0.03512488550960864,0.06994532288289086
0.9840423680887341,0.12771637230068053,0.0989757947529129,0.10654563041843207
0.8565874265821259,0.09793883016138899,0.029667958196439193,0.03693272418948612
0.8225947459796935,0.8246390737965259,0.1483835166595041,0.17482804131897775
0.8910259280674486,0.8002348597526819,0.16822795689334283,0.19370471596875027
0.9080785691215799,0.9929782540753992,0.19071907259850907,0.050225966879969636
0.9460171609738222,0.8889429678894573,0.051880212130445275,0.04701261826467871
0.9739675135409716,0.12537274679039653,0.11226814191233847,0.9367502344398094
0.8704633362526246,0.1286355577301322,0.11545166655569337,0.9917774316827411
0.8289324481412194,0.08004104000389532,0.1359021124982858,0.9663461369841813
0.8394946379156645,0.1575265348095876,0.1704388561918174,0.8777935413131558
0.8538967825188575,0.11237385235863986,0.15480709360918535,0.8314063380160516
0.8857353731669806,0.01165044959663324,0.03293221591491193,0.9230124131303272
0.9728182084928673,0.11684789419828052,0.13617366812266077,0.9807640579423604
0.8240352873706402,0.10445842035009234,0.00973607046656133,0.8794344646012288
0.9011767564784602,0.049363719723478555,0.0882764917592957,0.8531517389500703
0.8303366857299692,0.04184292916722905,0.006398816602128732,0.856352122933266
0.8232015352359,0.16502108436296448,0.033720768884008594,0.8688744226077058
0.9769059809473892,0.025715103228810078,0.07085899691810607,0.8245111332775281
0.8834253791508071,0.12923436562473148,0.14050705221407286,0.9988020219028384
0.853165261040443,0.04392690384494549,0.18026413507904668,0.9116304066485732
0.987930660986571,0.11649345334373494,0.08706278486692479,0.8092219440566633
0.9469167016388651,0.014671826947087263,0.17450894334633152,0.8324514072133657
0.898564370161058,0.13786934896778122,0.17659612838699834,0.9855349649541469
0.8592515693323588,0.15484906571701723,0.12928430497276422,0.8480592088222342
0.8892628977739554,0.060555454791776736,0.17844049903016815,0.8358688184794711
0.977694962107742,0.09384219100996204,0.15625955533546887,0.8901196834049518
0.980538494990895,0.14003217197912496,0.04821735990498519,0.9406690899346383
0.892011908680895,0.1782375898224275,0.14736129036916876,0.8170230632062525
0.9599231385250994,0.1435024051157769,0.03314939955010576,0.8488929924939869
0.8594412935222799,0.04342534822406272,0.08076526815701826,0.867771090820263
0.8766033866303993,0.06590515349892205,0.06716805564155102,0.8162593194692231
0.836215122984484,0.14598085561566052,0.043717528821149765,0.8127518972117146
0.9956873072821091,0.16375689386303915,0.16314694706910918,0.8010963044347207
0.8748320587388854,0.19096332202478716,0.1963965100435906,0.8161461641894592
0.9598143353424649,0.08803028526690233,0.13392705423421747,0.8770834505408105
0.9125827460234748,0.0035772264136036073,0.02985036430457666,0.829332826196428
0.9274755711947493,0.031173349608559577,0.09546096579905564,0.8361889244352788
0.9034156834874196,0.18153183115549532,0.048685493899440595,0.9911354924365041
0.9086893795201303,0.1967349675873517,0.04355691180089832,0.9002576935146283
0.9138173729039428,0.056811591798703875,0.1031431061962226,0.8638030558092286
0.9622131491198028,0.04797709014931233,0.07034098515344811,0.9623233213801766
0.1229336026593078,0.07854596801180458,0.007381259192454248,0.8873515824198769
0.1139618006727031,0.19602302747520692,0.011715395474021097,0.8555260627500839
0.12342739428738868,0.15199685626624818,0.046662432401372314,0.8143431060030256
0.04191395502922673,0.08804937583585573,0.03479413207319389,0.8216477371440399
0.0401288349385363,0.1612320037485713,0.06547492735131269,0.8742084749163636
0.028451342772036606,0.05864295218363245,0.15217603556054637,0.8213723015616938
0.19653684559784793,0.05064183795243382,0.1153624638483985,0.9803214301799065
0.1275373481658699,0.09439315179932053,0.004837966271786254,0.8882016870308889
0.19507403967905312,0.19759342981635675,0.06186293505324958,0.8735823328075015
0.07957442589195203,0.19517654757262617,0.02156135612179877,0.8805048547678616
0.16206343873250226,0.01618366387785062,0.1204489396564916,0.8198450472737344
0.15101139778136527,0.14021059663137145,0.11799123163511822,0.9298105586501088
0.19026242189307496,0.14556917813118428,0.01785196550467345,0.9395506923891066
0.17265411430590405,0.0940018902175866,0.19129253885921169,0.9328292618016849
0.1614366655509338,0.08604425089382349,0.1958260398858593,0.8831575757773218
0.051422823606576046,0.18569572547614044,0.042359307276963715,0.9679628970751804
0.11265274318081259,0.19480522822674884,0.19931747481131523,0.9932268394756519
0.06158321095891617,0.05426852341990576,0.07980576323279652,0.8710948929223821
0.058742835953025874,0.11924835458697228,0.12785451703710682,0.8711990891319601
0.052482917939085084,0.04966339591167788,0.005738992379030684,0.9535119405072888
0.004940684661753125,0.08359624219734463,0.11932830372570712,0.9960162207229004
0.06050109811051039,0.15775692187341558,0.008092142447679062,0.9111573526052585
0.1273403000150466,0.1142263351612991,0.12939361384198303,0.8275113916262645
0.07538551395499227,0.06902047084479389,0.06969898023888901,0.9302935019044108
0.10981177534591575,0.06951964791060734,0.03040005783005504,0.8541693964325329
0.013073578962709664,0.13018533752544292,0.13016104526056635,0.9149739515266225
0.09473841757529383,0.018664464155585647,0.01403659261406125,0.8599962719607146
0.14562094904252795,0.18001557648879596,0.16525918833656092,0.8936288748431221
0.09900929579288845,0.1985132682868493,0.06386754810221405,0.9489225992296403
0.17436399512672107,0.14702704730455116,0.1652559816505843,0.9486195968942911
0.008763566052586725,0.1998693276471238,0.09727862263352915,0.9357865966677584
0.17396165249139986,0.13904759778705705,0.08295058140848931,0.9985604966918142
0.05051246636370943,0.10563407432425614,0.060680090228571903,0.9956059364137364
0.1811730263225686,0.13594195966422695,0.15322487037081292,0.8133414675866052
0.025444182529230176,0.11929445672632943,0.023581874467952835,0.8707225522146305
0.06759793477321056,0.009296751861627107,0.022346631235080162,0.8500230773610814
0.16260882427037032,0.11154724589413303,0.10032121810905235,0.8986798088353369
0.13199235226580083,0.180345910208496,0.13255610744104782,0.1590459057785576
0.12413014627523054,0.1170303702896546,0.009531626572813213,0.08021018862379353
0.17816353172080257,0.0923516422778401,0.1271595198717089,0.09550142126072794
0.12819646747206964,0.0048511977442721845,0.19286902001960712,0.05250774192464778
0.1233330572395499,0.12880486063407634,0.18758117901184423,0.16040106696942064
0.005123292602844765,0.13334166632005182,0.05738139612101965,0.14783192039809206
0.029672596985826052,0.09657382514178701,0.028331032784460277,0.1476201746761562
0.14012453743585837,0.1176789181696965,0.11013918905318182,0.1410391248924338
0.17727609910432296,0.16737779158663588,0.07153112856906584,0.1096660802156473
0.030978806536851745,0.0997748255499559,0.0366328491547788,0.17115370829272128
0.06345380458454042,0.04546057824579191,0.02009657113251606,0.06885981477155974
0.041490396037050875,0.051049001234145575,0.18099808708856502,0.06591446270644534
0.043871584611413855,0.12369578790999709,0.08275328170848528,0.05036737238220593
0.015476567309176681,0.16490470000953067,0.05828416540853781,0.005511048926347107
0.05114545015538008,0.17216831870716634,0.05936159281368374,0.03139740787247745
0.018727357191206283,0.1850877494190877,0.1569070642590004,0.12187712072148944
0.14298530307534316,0.008379793656611257,0.07187779495218392,0.026747972753566975
0.17597352828110624,0.07206865464958367,0.10677105973699959,0.125660394181237
0.1608959357766897,0.10039640939288744,0.052130270194389386,0.09960837026610236
0.06013662185884825,0.13274599460738465,0.030303485998522707,0.16723801036700212
0.009386110157779015,0.03569992118442258,0.18892823742181872,0.037816730437008776
0.16962320301627573,0.16213537733996763,0.03138046406711925,0.08437715476834587
0.14236485745078595,0.04927888460975869,0.051405184482257754,0.1539817506391489
0.0814954901706449,0.06515973258223295,0.1825195553868485,0.06322053809480492
0.12223200705374791,0.09917857691100114,0.08935495318442743,0.12323893039542771
0.005020476575043964,0.0743166855454365,0.9556520446252071,0.03830127251954987
0.0931593559282111,0.06606894338996316,0.8004281789600025,0.1814938776983049
0.18993748138429287,0.09213375602940979,0.9730868311878653,0.020367803668251486
0.03677282072882775,0.15839616478602656,0.8187341202754974,0.1159010304731645
0.01200952621977549,0.04310770857899309,0.957368278246218,0.08323415425827099
0.17705145401594014,0.12465774481917852,0.8673768790536238,0.07214709090985019
0.13206665275358218,0.10869907454010107,0.9358591120894986,0.15729706601044183
0.001509531327810998,0.0928285191161507,0.9679087798517179,0.1170313746524999
0.16929154083996628,0.1389847465820063,0.8151148786272534,0.08949014575128003
0.17898294364993073,0.19445747811447633,0.8632725853259959,0.04857944755286241
0.019513170053402876,0.021710180721530994,0.998453083098183,0.06363859952517696
0.008348542183990238,0.09526815158690644,0.9342049142897739,0.10607029654632863
0.08968283897831625,0.1618193507930038,0.9742455531557063,0.003459724198745207
0.01128325892490294,0.1688393979718074,0.8025761808538492,0.1918873026804266
0.07358173898292218,0.010878428627048976,0.8220723453834888,0.07879047605474299
0.039044428340299975,0.16347624954118503,0.9596176917835787,0.13322845680373493
0.07710563051643755,0.16214627944091284,0.8763271506303274,0.08679823942693504
0.0511956453097165,0.052068613310985334,0.9593672479312081,0.10039486073611564
0.10591720471276055,0.17314190133178323,0.9272379807973693,0.1725521227653003
0.032955121911271035,0.1424078616238711,0.9133292359269237,0.021933139731097808
0.13558560003724562,0.03069816539275745,0.9495740970338947,0.1954063280347786
0.028399384144902395,0.047071482397368296,0.8598439421116052,0.039067144260494915
0.14414432469199298,0.1653731098788408,0.8897591555083106,0.12886604445679067
0.07233613179261138,0.17003950507501678,0.9151185556704329,0.1906056079964301
0.1996615002791393,0.12284698709185904,0.8940764211715462,0.15183052886521467
0.18895753186706088,0.15113953182222217,0.8570161110966665,0.041555672042802395
0.1043364560487154,0.17749256996710083,0.8621873742627145,0.10876610190459234
0.13757667846587282,0.15439725114216002,0.9308387608884233,0.17824744259484784
0.1589375278786855,0.10154919018428908,0.9759550556885523,0.19727166772667948
0.8013984066964356,0.02131137608525857,0.9667571634831272,0.11141063323917551
0.9359044679277267,0.10988412244277744,0.8233854105152487,0.05111455265837786
0.8987196081192915,0.0191761928332896,0.96556663344184,0.01808636970977986
0.8436206065835367,0.18571281376812931,0.9088211523054341,0.04122136182814511
0.9304060163658748,0.15917243099232817,0.8352995798006841,0.19191911457932148
0.9024242594212,0.1479643462855967,0.8584361751090276,0.15586160419469205
0.8488917217253766,0.057168149993857935,0.872446595792788,0.12508236143279572
0.8241624222075227,0.06923493259809255,0.909017332836406,0.18635102643730858
0.9205592190171601,0.11256890409821406,0.9332000497106595,0.1313323376881178
0.9701703083082418,0.013102539237401145,0.9915814491481276,0.18217290784563758
0.9030064686602349,0.19392648303093546,0.9436629366351121,0.02426892276554045
0.9362941325667508,0.15887271342315748,0.8039176397811552,0.11913927798150373
0.8685851295753796,0.06387224066262212,0.8140399982842139,0.9281513074654317
0.890494787770183,0.1606426393261978,0.8066960671475648,0.8404419236052714
0.8484231358536185,0.09473603322875626,0.8863354530414084,0.8971023504718509
0.9435715655983214,0.08569274167494545,0.8939726234003276,0.9108024313021712
0.9821977885436688,0.16376579928970325,0.9345805138373613,0.900182767257746
0.905154897488551,0.05752380245759628,0.8023817674797105,0.9871881239650794
0.8579976037429992,0.1296346904407629,0.9741410910214254,0.9618527437719923
0.8089805260693956,0.12930955510488681,0.8512940873620792,0.90370405297144
0.8539333426910292,0.191231567466168,0.9110688501843616,0.8932302491038413
0.8687699452864428,0.10976494479981332,0.8288489157904073,0.8417588456420038
0.9441759924466571,0.1136189441392232,0.9552706702837934,0.9381330121455224
0.8060563334092894,0.045737181385651304,0.8696128751455051,0.815802089079562
0.9490478843735333,0.07576258866752852,0.8661193589880615,0.9618802311983228
0.9571474404248324,0.15991946352146424,0.9799483510242639,0.9809008834331279
0.9370561803926806,0.17303362298860647,0.9801694014875075,0.857015378320086
0.8538784370214175,0.1774594084093651,0.8780803769349546,0.9328285364149387
0.9056048609207994,0.05588858895387212,0.899612587840441,0.9170629331504692
0.9400569024231014,0.09015629884040977,0.8207337098468331,0.9792840395646344
0.9940362651753903,0.06989512276953035,0.8826772663035025,0.9315023533777075
0.9213418220709706,0.16391184948582532,0.8915595945592778,0.8973619863074724
0.9747383837185545,0.002473591129762931,0.9891301869024633,0.8903200762934325
0.9524257204854326,0.026561891157669094,0.9713766712004663,0.9387075543801188
0.935232531169182,0.0724536510224834,0.9317587048340202,0.8688984425827374
0.839388644525689,0.009259296045503374,0.8013132219770916,0.9736982175089575
0.9045835118908707,0.18893418506762968,0.8970116449525952,0.9639505537883304
0.8519044907223028,0.04409225097963557,0.84627425482851,0.9430730537506226
0.8695287499450255,0.07919006218996999,0.9326562870341687,0.8513747141210156
0.8035967415797065,0.16208645956160397,0.8292259650228989,0.9720505277638742
0.9585149890828589,0.06789628727328538,0.985190207671421,0.9853270335943989
0.9834746774132963,0.07026483855438469,0.8328498691024422,0.803732041729476
0.8624017973522308,0.09514294454231245,0.9680531942131255,0.9135767350486785
0.9015772189014101,0.07147956465054861,0.8563465768156275,0.8470637936330321
0.8087016581416352,0.1263653587199314,0.0914506778288446,0.9114488211580986
0.8261702143663219,0.16110060905537074,0.054250027813986405,0.9725146966057449
0.9878909047065161,0.02705288438877551,0.11688696326835296,0.968592247491511
0.8512993866589043,0.027440012015138238,0.15096272941640712,0.8690591002216013
0.9250958559619533,0.1508289939297852,0.16198795042630376,0.8495674570486792
0.9485867120632894,0.1190498223871762,0.1907206470338305,0.9341563751653315
0.9978091135078704,0.06858582098024771,0.06475256640556319,0.9284945661450356
0.9340103035453764,0.04947698615934113,0.015923786741727165,0.8091348983587234
0.8700268981773291,0.09160294725288572,0.02323092351424083,0.8184933664957056
0.9274815760077587,0.008016950775561305,0.08385848414235175,0.8345802295734727
0.8859250038944254,0.12821246418561186,0.11314144333213093,0.9054258823964394
0.8586014854027931,0.03403688317565541,0.03054507539198117,0.8513892389333516
0.9091820392308887,0.11704228571179985,0.17057622839257428,0.8628063962219785
0.8916994720159686,0.10566927318095012,0.05104619672179252,0.9422242351494245
0.9776333172821071,0.1615797105807027,0.11736450587730379,0.8584012745109906
0.9320783132453514,0.023340055142890614,0.18731564712596963,0.9983916776288548
0.893138384894994,0.18157714552682058,0.18687421959141357,0.9754902265282058
0.8877703891060349,0.005004390887417266,0.1475853254653475,0.8171051402313614
0.9594628965394448,0.1868891351889996,0.029544048849611572,0.8277826927781128
0.8125162780059704,0.008152869033985223,0.08520876933740361,0.9989073808970466
0.9863535220438726,0.15575622123968275,0.05303461008561461,0.8767372106211915
0.8997701905978723,0.11104421608762537,0.10214130329262941,0.8828412298065578
0.8606122853233308,0.18172324185922825,0.0964380687332927,0.9999042627533248
0.9495476658847555,0.026781627282024337,0.05325227463250637,0.9802828752734932
0.8904647661820542,0.14032845554049847,0.01586387428475111,0.9367725581627516
0.8297531116152264,0.1678233852046946,0.17904173070715215,0.9306559925919725
0.9268813607284927,0.04513565423806361,0.02707715618590365,0.9136916924378372
0.8953304524611656,0.1807704834115327,0.019762154560366986,0.9541969873650501
0.9458833380456628,0.04976996128527054,0.17520937236252213,0.9334439455918184
0.8942656428323437,0.05439869796730199,0.011480498802846517,0.8568942917944193
0.9312129643512355,0.12910787646771113,0.10877549953651953,0.8612609493142671
0.9814830450485035,0.06818938546894349,0.1984301008252145,0.9018943233992814
0.8164663380002445,0.1656417436325721,0.12033056878576683,0.9780523207508671
0.8537651337047243,0.16726085764306786,0.1962398419044327,0.8324699509314994
0.9034205091875236,0.14143986179974138,0.02955998762924157,0.8391279378289495
0.830478538803649,0.16584304149913853,0.17351138669368407,0.843720141402328
0.8995884155589288,0.06988803793686875,0.08522139609909428,0.9496400263259337
0.9929322742713149,0.057148934938327824,0.15591675797009705,0.9267610359294214
0.8993872990553022,0.08250553649259416,0.19476986263628393,0.9537052082419811
0.8316163449358105,0.13329461871509488,0.07160850831969814,0.9214724684718132
0.9546876018392642,0.09843262578115204,0.13325971451556815,0.8206529276816058
0.8564697424642526,0.12530211387591839,0.07566271539273764,0.9754780091022078
0.8184271081691589,0.13529799043267085,0.1806368132259497,0.9273175437718645
0.9234987869512299,0.05104225420709059,0.13631541419952525,0.8571072715476212
0.917862978094219,0.028897254332057254,0.10033710495734144,0.9231013148603129
0.9578589242203286,0.05112206766680416,0.14299847064867577,0.8066898026155613
0.8840461434800225,0.051965669397020235,0.12240950640375135,0.8787744220018544
0.9743143874187743,0.07250885622243348,0.1885254138876017,0.9394907048424836
0.9499072088982661,0.1354488957855486,0.14267116696432933,0.842959542574055
0.8270226480163768,0.16533821400687077,0.09087502468067817,0.9995379817769321
0.8827384379910327,0.024479080313193416,0.018571528183443476,0.8212375387983677
0.8447340397489059,0.1093954059328385,0.0722063535898934,0.8985070807088317
0.9982551249388594,0.0198742249447494,0.10016249708245804,0.9771637057115529
0.8309160467514843,0.03055772115816835,0.17357952622535086,0.8429668957212463
0.9995545809802107,0.17013585059273606,0.1633673418595989,0.9963469324935115
0.9204293633313169,0.035769127187044995,0.10102829794617921,0.8418713970217493
0.9760378193739698,0.061515199851710216,0.1195298403412882,0.8459064247785978
0.9676881062548764,0.1292817441297032,0.11298996566414732,0.9438780089572099
0.9797901523745457,0.03677143989813552,0.06308568694735604,0.8242190907243836
0.9403050318452314,0.08680486142348037,0.06637750011759172,0.8302089093603349
0.819036765651601,0.11064985301882875,0.13650369963859815,0.8099343679049815
0.9114700923721812,0.11063696690123315,0.005413419059126201,0.9625209009878175
0.8424500867465318,0.0961520867358074,0.1479113572932522,0.8613009170428338
0.8512378595814986,0.19241434267694588,0.071366123250819,0.8870520267032916
0.8754817514040579,0.06973758049365315,0.004391079752413973,0.884393567510334
0.8709783217989779,0.13603531254504939,0.17150136555012874,0.8029184775769411
0.8621138556725515,0.04513981820905493,0.13555406069389295,0.8863205320363493
0.8922621751631413,0.13772407614185733,0.06242040847849844,0.8396166735059484
0.8466842427662545,0.08408994158576716,0.11798769692524474,0.8811624544856115
0.8741687849326301,0.17414289418326584,0.005273389447277555,0.8427029130286099
0.9054009929058624,0.023619598382418228,0.09798089646822888,0.8294559595628448
0.9641107354319857,0.0178566320973778,0.1615161382394417,0.8475894400066977
0.9682999779574244,0.13938445296177593,0.14692204277719434,0.8557484669570564
0.8023577845680726,0.004496634884928819,0.18373560807090838,0.8523593536982674
0.8824903739195742,0.08859720826902989,0.18142694824439975,0.9388983914319692
0.8966237586272413,0.014990443441692803,0.030298823472758276,0.9491072197554081
0.8478462825959951,0.041485375545148064,0.07613505334437334,0.9384724229598365
0.9854382524711985,0.1912294698899305,0.1728485306052704,0.8159283750844724
0.8875441938321887,0.10196462829199036,0.1690523363949831,0.8666202603800528
0.9843105350674954,0.08722033696070544,0.08113094442266103,0.9107202328972268
0.9129506033206114,0.13201058868817447,0.013616454001305935,0.9847588148006906
0.8532938740260477,0.1895129298955863,0.11548652746615372,0.8550417749194065
0.8853117173443064,0.18046215384966724,0.08990749416639537,0.8080615894672905
0.8193840803697139,0.1586372590773791,0.10834537520777386,0.8048128230742212
0.8768629374386852,0.1603535430115779,0.1802131887346692,0.9477621023804863
0.9171150776076371,0.15844005060354582,0.026883526700806605,0.8916824120005679
0.8843718223737189,0.14626061209588703,0.07317947126001977,0.8038504305027848
0.8473378870806734,0.006261509761124762,0.1265391433129074,0.9123400609742665
0.9137859475938166,0.16219168765771275,0.05195737916731935,0.871254074959273
0.8877305632410416,0.15840237203547713,0.11702710137258013,0.8283475205722632
0.9893694433299332,0.18622014857505076,0.057870934501194626,0.9731391639394583
0.8483055275949668,0.11049754873639302,0.14717322000120978,0.9790993303836986
0.8803874129379926,0.010965170359183585,0.004048336313447987,0.800736248020765
0.951510406075485,0.030044359671812005,0.01569082958687873,0.8619365047131813
0.8718227747352374,0.0017089303578682548,0.034784691811259275,0.9253191612811948
0.948965378711631,0.02239001435362649,0.09040301770422131,0.8344018443838817
0.929108159575281,0.13867744328412765,0.18782392164148998,0.9654580679231617
0.868521719288971,0.18525238113129974,0.0156987629792539,0.9899388183396031
0.8668296917270157,0.10255200162611165,0.021360129827725616,0.8172451543381419
0.8103049058164915,0.04297623110150033,0.07704505983593796,0.8970254931157372
0.9668136561486561,0.10155786667292895,0.15889942238873161,0.9207660964938327
0.9608508780866404,0.03530522098703608,0.17713453380830835,0.9890527993970359
0.970054147684214,0.1867854460880788,0.07367377153068806,0.8306514535411144
0.9000621181980427,0.1281001874761749,0.09763437811623997,0.8752583152807052
0.9892712648244528,0.12867604873730362,0.18811833648603482,0.9493634135637362
0.8187129420419074,0.1362181360931996,0.012950263457915879,0.9829371416169341
0.921492121717152,0.11305714320125003,0.08748418750739627,0.8700846530337353
0.8501503056929113,0.12143667333508633,0.009424964654789614,0.8957735940649455
0.0679381742006887,0.05506669384225327,0.025873949143525213,0.9937393693301357
0.11848432762847326,0.19006185826076633,0.06538648980574109,0.8013537933809701
0.15819039249570285,0.19786388330191607,0.010730730181794336,0.8908951834558921
0.10143160273209784,0.08983119820030934,0.0785924817520381,0.8263178139021345
0.13749569742373968,0.09926153529924323,0.18637921999771648,0.9018131548635726
0.11265130818676868,0.19347596178186044,0.017633139240728492,0.9072368363563353
0.03766558138436567,0.12504006157172018,0.007800946901789452,0.9518540130288317
0.11364470111480601,0.13003339707559444,0.09404132363180372,0.993806098372523
0.15663471186403383,0.1809458362906593,0.04354879172486259,0.9311951719415823
0.0820328521208311,0.19504796286008205,0.023581436670801127,0.923840282204069
0.13111876296878086,0.040028587054402466,0.1730307951992932,0.9195131352840132
0.09079874086809676,0.17020082771804984,0.0939088098761592,0.8715854706827033
0.027692571453280967,0.079885470471322,0.18270477175542696,0.9375620130649434
0.013118488636329917,0.028411759251405846,0.09105414896905738,0.9622669021364809
0.17108866044371987,0.14261437338610525,0.07150448889461969,0.9433517051456198
0.14498287624450998,0.030720907669449682,0.042489095778026335,0.8931677157360816
0.0815488136333469,0.03819313389282697,0.16387864089379203,0.8423805481266429
0.16023008202159417,0.08098183038158602,0.12889300312533503,0.8054177179326167
0.17915292542134853,0.021128570426438967,0.09273009779530637,0.9377537214361457
0.18202662941527642,0.09039717564272597,0.17090841749685293,0.8107598988647869
0.04362608490750328,0.1377607843360593,0.18897749086980575,0.9210271136860623
0.08485784117866463,0.17400588623548788,0.12260304400403846,0.8025158472483515
0.02036994116153299,0.189867985378795,0.02940949420972936,0.9921416638061296
0.1864592914031414,0.12075217313280143,0.07363136417948027,0.810406097564844
0.07311601384120632,0.11149734556010665,0.987203509173263,0.927587983813012
0.14799448789773648,0.19301656843944276,0.8510074879872295,0.8551929338921865
0.03275615106769205,0.18914026876624412,0.8436118956290384,0.8558739464724799
0.029234621598819555,0.03444735382147357,0.9882209435364101,0.899734740996946
0.10540238993473915,0.1936953675219121,0.9257226699938739,0.8185392119861686
0.1342194317408905,0.06658753895152446,0.8623957730801041,0.9058039647542856
0.05104174248681064,0.015338595120079913,0.8280984761872688,0.9274241810136404
0.13743319183757305,0.02517415608144709,0.9597656182758658,0.8291224424941777
0.08427463957035408,0.16203875453125516,0.8681737541926927,0.973468504233312
0.071556175522225,0.012657431498055649,0.9993544089442168,0.9507717717282955
0.15377069715496716,0.15319356168788495,0.9103074964179865,0.8017020840391011
0.07035146803190022,0.06792917049746863,0.881723160784625,0.9066274107090865
0.13781847459072574,0.07188897424218035,0.8381029873519277,0.9603482133945132
0.16788119917686395,0.07020408463739461,0.9031789215830318,0.8227221917074204
0.009252015367409317,0.1053052347080184,0.9223613516985848,0.9474719368391707
0.18385398304488196,0.08318412819553092,0.8526578476301175,0.9052232404593101
0.03670310824668468,0.13340253446528721,0.9896623974853906,0.8644329262393791
0.07250789839121044,0.1444289235117458,0.848858545693146,0.9170654417181405
0.05970885085323785,0.13210786857331555,0.831614704718799,0.8501278100895514
0.18169618304750845,0.16665572669419648,0.8482764310020197,0.9203076078005515
0.11192428075166219,0.06425537541461526,0.9587136727253874,0.9476213715950202
0.11064462146846177,0.08276851214220796,0.8637520809477949,0.9246504476397361
0.04460027577534938,0.06134673861663207,0.9869162302653195,0.8130621741556578
0.12864460792750318,0.009299268563554609,0.9815294261171832,0.8407188247611841
0.1487396432976097,0.15441333494134998,0.8441368430161981,0.8215094104382409
0.1224673759721246,0.07752524238261833,0.8175142322254463,0.8459174882934132
0.11235292060714641,0.10796410565366586,0.9539564431405458,0.944611259464484
0.03757006551401663,0.07351034154610418,0.8680155946207606,0.8478611738626379
0.1789653156567738,0.012894452764448873,0.9017160927961106,0.9554475582704464
0.09406169441651345,0.010282389566539596,0.8069714432544761,0.9637251567286773
0.14827407621769054,0.01606640716123897,0.9993944423996456,0.9905453066975799
0.13800858247026057,0.14946341094680707,0.8659623366028859,0.9574723883215072
0.14833797601385548,0.18360506416740113,0.925250936939377,0.9623683682349141
0.10141392168890986,0.028683585361591015,0.9848183668616969,0.9048347772679677
0.022887950031571624,0.12847833319267282,0.9555546947626861,0.8808064633215954
0.8910470143796787,0.008736666899284052,0.8438528490474548,0.9986601117887178
0.9309086746013742,0.17570793368773488,0.9974853759781592,0.9734503823615405
0.8053565014001407,0.07001466744942744,0.8751102225965494,0.9798343497732512
0.9352107160708905,0.170425008067126,0.9490104974292156,0.8819581535211396
0.9333627025215403,0.14264277301409342,0.8064732080783299,0.8420909225423517
0.15186729203319246,0.005501648468623755,0.991148523128296,0.8356183207623364
0.08137870626992516,0.19614752960493498,0.9224469978308418,0.9551749915686555
0.17434678910187335,0.01638672460786088,0.1408602551322948,0.9684143663126004
0.1463299929354889,0.005339799481550145,0.03616777920289991,0.8975169509049248
0.09969550664460147,0.09540010037968057,0.059747701649547486,0.8573494575704671
0.04548494024696941,0.19993849682635115,0.19515010862884985,0.8490739948826161
0.0994188363565499,0.09669441682135554,0.04792982901896681,0.8719556446716845
0.10993997539131968,0.010669701463272663,0.10170086534990262,0.8822012618237501
0.04928592589601066,0.07662482855553276,0.18875952709928195,0.9736466394218243
0.17220268821547924,0.1470387393030468,0.06529618762059444,0.8488451120414862
0.09944811426376994,0.13975370487438185,0.1634897864137061,0.9797307340072119
0.16037644679682106,0.0441689170426391,0.029777913988893758,0.8843115955627633
0.8581966323773828,0.033854880576309525,0.09486763437660001,0.9881126773206929
0.9159124729350825,0.13874137938291692,0.019271527983225734,0.9067361709432048
0.8386682901437281,0.17256353546605238,0.05825384608461775,0.8614668899441602
0.9572091128777395,0.16035756090073097,0.08553210478357838,0.8012524695648398
0.8791689687782919,0.16724673019348998,0.1914974760178911,0.8597056004918143
0.8319747722673966,0.0017029729187371112,0.14676924189349821,0.9061381017584538
0.9911620988713805,0.057109934973603574,0.17477106865382008,0.820313745313928
0.8156608563486231,0.052533087308966754,0.15349347207370911,0.898871742352274
0.956747388503639,0.09050103025906096,0.09142001280738432,0.9013946744606159
0.9545097305059372,0.11096239639888193,0.0937258106290482,0.9063534447130105
0.8754325246275676,0.025595039092653663,0.17823156242499263,0.9748542921486612
0.9341563472499449,0.02670651886949256,0.018384049200089493,0.8279944497374803
0.8396652880894767,0.032742864484451385,0.1612477797726511,0.8871426788421423
0.9692443306893648,0.17865648383599825,0.03880458935573015,0.831470845737871
0.9725290953995328,0.11329748073384208,0.07279253329996875,0.9380150639349414
0.9390740166301348,0.032053678407268985,0.07435069940789694,0.9942312928901882
0.8256810559712998,0.19308942195775083,0.06930978100465957,0.8756553594689885
0.9036842280105031,0.10265389482647236,0.0825419808877904,0.8951318518422942
0.9626300974409129,0.10230510488820549,0.03568439299609954,0.9600089155054522
0.823625811838634,0.09765136220175859,0.04435461708065056,0.9468843063339512
0.8610284608289585,0.06489050005757167,0.06684151800486593,0.800558282568871
0.9244809009409836,0.089014327858785,0.09547808994694595,0.9078510828073558
0.8501207875566584,0.16384287450694382,0.17758158120178025,0.8782855665817317
0.8198425363145384,0.0882092784120807,0.010871201511251006,0.8285769766885484
0.8719107722735182,0.09457697394518386,0.12116919585260336,0.8593601211920427
0.9251859666596084,0.09024848494232812,0.07992679225225599,0.8554155220372489
0.8308648089004382,0.07510758942994511,0.07898867037228477,0.8708518130284024
0.865649989144152,0.10622963349002093,0.08629510186541973,0.885335374428363
0.9506509715099042,0.15956376079683676,0.14332297312485812,0.8958133542849069
0.855910094134804,0.013185264225448213,0.11888946176685172,0.9583729691010607
0.9586486345059737,0.1786553513353381,0.16093631466638095,0.824375229326476
0.8999295921053222,0.13560547305726042,0.016777051200257898,0.9376844894332569
0.8745232374493478,0.10518057532024024,0.1180739848040927,0.9343494595798113
0.947866154825054,0.19643501825323986,0.08442710065786348,0.992865803040827
0.8178183039621669,0.14513215831937665,0.03151662568553273,0.9246648229163632
0.9025301148546053,0.02739559929255029,0.18204352220889633,0.9136492388585941
0.9541148257172554,0.17677938897951126,0.17980944502122104,0.9773904964517725
0.8562176390164378,0.0875895988207821,0.14866763836089458,0.8807634487530887
0.9336490907555544,0.14007587204810476,0.10638384683767983,0.821964575435239
0.9756485442972106,0.04277662377687366,0.04573985747410898,0.9222306606940426
0.9498902017168693,0.02282645541275541,0.14769552291974916,0.9776285798484283
0.810204304975652,0.1730408127243123,0.08796591877689464,0.8828566080669836
0.9809440989981165,0.02198675930335932,0.16458742880801577,0.966855713716745
0.9504245925992648,0.13745020675007869,0.19146250449497645,0.927285566362714
0.8799923877141647,0.91479436702794,0.034125174387174266,0.8429039642541908
0.9548720251251767,0.9604427071577425,0.13415739083160225,0.834196777290795
0.9652293542907738,0.9752194144240763,0.052752137630732124,0.8928405518998265
0.8824296867539224,0.9429650025431959,0.05342453748709486,0.8154651305575468
0.9879494197645732,0.9701883523290944,0.03028039967859808,0.9832388037338509
0.9007093081628632,0.911683373644695,0.11067807863497942,0.8735412823869552
0.867890883780051,0.9549785095018047,0.10977202461107649,0.9453707010963524
0.810734206437179,0.9029518238317835,0.1284464876217122,0.831329915126945
0.8102778200905331,0.9156726102177268,0.14088344483269255,0.9058128833401848
0.9171682997656102,0.988203710625334,0.040765755791176965,0.861872752688811
0.9457709241020322,0.808696461198872,0.06870245509672093,0.8852156536356115
0.9356642484249416,0.8882534844485213,0.10369969126532992,0.9772380561607311
0.81404309520409,0.875961443456002,0.11351173164494506,0.9158906676932248
0.9310834587788395,0.9789423067324352,0.1208695662253832,0.9287231477577181
0.8303900272542745,0.9214717106153991,0.148574330134964,0.9292781619790491
0.9186296689137106,0.8431421190161339,0.005803702637826747,0.8324486997429131
0.9888451011998349,0.8236287467315047,0.0113017196813336,0.8774673219404961
0.9633411716107718,0.8124098140290726,0.19105292089734036,0.8557441934185396
0.9745953923855479,0.8385474317307299,0.041160447506224274,0.8293463147513542
0.8107531473339963,0.8682647202519929,0.06329171618964265,0.9355506051260687
0.8045885951711499,0.808499486397887,0.18370368447149907,0.9889608347831854
0.8847072773790465,0.8974491444618938,0.18590751939880473,0.9332785834234015
0.8375596159199541,0.9666799536357686,0.15030516216347034,0.8599054379650118
0.8067076429761175,0.9842110831661054,0.0731386148557847,0.9301351425946494
0.9639642763704769,0.8971895152794735,0.006604649591325895,0.9922869589704436
0.9491449395751654,0.9252345387309364,0.06458066601562591,0.8283214007630237
0.8990486952316648,0.8010148602185173,0.11185911816350964,0.8490036750017251
0.9695503976963379,0.8632107236042444,0.010102797543139497,0.9068839950956045
0.8596748504796785,0.9419184903326765,0.1705440263631513,0.8874249829200537
0.9893496063503101,0.9468006131436828,0.12211500191035195,0.8335104677940096
0.8830211029038658,0.9597588836630698,0.10648898948397263,0.9004216163817862
0.9932955803771297,0.9201847996792881,0.07051142559755233,0.8941324988433658
0.9710490046366231,0.8891709016920845,0.034554663895643656,0.9684930379581057
0.9226109514252178,0.8944142018699045,0.03745036384076426,0.8695348493835112
0.9317933891742477,0.9645657957209769,0.16342548562541218,0.8769891357458386
0.9796056220306123,0.8458953162777705,0.02504035008361574,0.8598676244557146
0.813514993074308,0.964242625088438,0.09967623740888897,0.8711577796574043
0.936979120395603,0.9945568787768054,0.1029783435860635,0.8582084975746355
0.915393318973199,0.8844381905414883,0.02627408890291401,0.8975623287707377
0.9584441790681234,0.9707041603855994,0.10521307999253822,0.9014897572764446
0.9307189773891085,0.9208121242732583,0.1647445543346175,0.872788020958738
0.8708221836851283,0.9747954404277618,0.04309544060249844,0.8356043658004985
0.8765505729353242,0.0524886721775055,0.15837370070288637,0.8711854078154768
0.0606490809949382,0.035487727953871916,0.1363105961131191,0.9167078871808695
0.163050072451752,0.05631932492686009,0.12141611389235603,0.8119807747133926
0.1607796514410191,0.13161579256042233,0.06442526720093725,0.9281850548826567
0.042879254272319006,0.147219065470922,0.09604294947563936,0.9912819246878355
0.006119089056791461,0.014137137949529,0.19314629435186442,0.9376455175162289
0.0860600031340346,0.1396986664696835,0.16251396749943248,0.9811044830319212
0.07415536564936274,0.0007054718639771363,0.03125009779628805,0.8329294009589485
0.007619078014939307,0.08053564916905674,0.023393950226628338,0.871691168224453
0.021694159227155143,0.023802454332684044,0.12380056411017115,0.9338705729805526
0.11357498857304037,0.10521843296338076,0.13820641613307924,0.9929761697774138
0.17168275311858097,0.054887725333935225,0.085377234939625,0.9921814360371424
0.0544004846605108,0.1067773717430932,0.04592721824272055,0.9501948834922318
0.18810330830607394,0.1282124167090372,0.10286245105851018,0.8998892285868237
0.08091640086358831,0.08914167724302723,0.07235695504804718,0.8177386234981117
0.1932266993351756,0.12499784504933549,0.1762892893134817,0.8147262354122585
0.03125794546893634,0.00855030765744076,0.1381197022613067,0.8814178837648793
0.1780388830118066,0.10532627359214311,0.8369725295366177,0.8031321738729501
0.023683010419730956,0.04228867379352326,0.9206602896721897,0.9856093896655457
0.11119582902984726,0.05712989460328968,0.9179111881040906,0.8673175594493506
0.005569788788670738,0.17511087796492983,0.8407371912331915,0.8059917029489952
0.14252021394589529,0.12368850738185318,0.9337667681967763,0.9467430020324963
0.19527323949203845,0.06869953082985732,0.8230975910331633,0.9906463629238417
0.10718592824498444,0.006070712848922933,0.9728580058621987,0.899394808255571
0.05613823850477975,0.15698239117292012,0.9061552786216464,0.8776508247781437
0.006618649720983184,0.03679850063658443,0.9099995232636287,0.8102025607488885
0.1746997076742524,0.1121568816220717,0.9761010596557856,0.8933164923183339
0.02067979540784051,0.04775737587036786,0.9586807253508957,0.9778366647373637
0.11312427796274863,0.1917909726628493,0.8826678509015072,0.9636133333393724
0.1254912046500876,0.12033263480779431,0.9472233635862842,0.8295837769119859
0.022659015856846376,0.04347936715271841,0.9739615015268022,0.8746380915864364
0.16116191691180348,0.0165027956605313,0.8518752638962547,0.8526490748381867
0.0694746918169771,0.04947755018153264,0.8028955542610472,0.8990763277262954
0.18737220540438332,0.1369642484790645,0.8803617788095918,0.8626318516223066
0.10086595734357802,0.11738500857395373,0.8922714291881363,0.9373115431947108
0.06001926471454133,0.042927641471740774,0.9462863179136627,0.9717413643413029
0.1308722472194762,0.029174577993665407,0.868061776543921,0.8508811962816126
0.0019941037789686033,0.17291009466293072,0.9035131577119878,0.8201661971507361
0.1829212951343303,0.008378952083819113,0.9585133837564052,0.9191229797856746
0.09755231179017776,0.11498890116421075,0.9015533443534097,0.9370507929091891
0.005675642093469491,0.049353799087454145,0.8032793002702538,0.8848730925049486
0.0580277821126431,0.18585385740252952,0.9091668149873151,0.8629235157723739
0.004753098299860215,0.029854499864591967,0.8450841507796452,0.998422585348699
0.03889761138251278,0.16156713192684688,0.9127231111460007,0.926711645392839
0.09714103634189059,0.1420967988271582,0.870187929027813,0.8422686867986625
0.00913973258257499,0.17287459491107987,0.9905702897559931,0.936468032388302
0.03735936620514373,0.15701139866219915,0.859438314872039,0.9567396252610791
0.040468698924090066,0.08160985561530071,0.8790524118675388,0.9614661150249533
0.06872565025693755,0.012125289674167306,0.8721000856283423,0.8156629970456118
0.15434356907283264,0.0424091389009887,0.9386399217633675,0.9995728985371322
0.011027960774734648,0.11466011798419598,0.9585883131056816,0.9785905583762616
0.18668354552042052,0.0708994930528876,0.9500582410076803,0.8798938839211741
0.09643885304784827,0.16725239209372147,0.9839712433329547,0.9826631975039158
0.16801750131274118,0.13040566958733976,0.8974468788680506,0.9515601199823456
0.12333950793036,0.034122380275409106,0.9137088451280332,0.8580839953096363
0.19508759193548444,0.041505579920966665,0.8024763395439286,0.8843578226660873
0.032518174342756216,0.0976722600967573,0.9097809907954111,0.9751009738428531
0.011140540882094886,0.12627738572731176,0.9488916294600918,0.9039533248429257
0.17359082943127402,0.11769675030266878,0.8062045799587056,0.813846841400419
0.1258538933339561,0.11677786828698909,0.8426581520896343,0.8820917622507094
0.1481202735948052,0.17687104482794763,0.9486046963401362,0.9497861865728766
0.15627273932695482,0.10319644620752103,0.8604129039191839,0.9814410079198261
0.08218929420222508,0.024575223537359282,0.8252193506904063,0.929394731153406
0.11036033252963198,0.19587733920875006,0.016615456052650735,0.8635131138990938
0.1774659212547333,0.1515438282039849,0.10147349092574601,0.9912519110651299
0.0010403546085728133,0.07814441948523498,0.0024974397395678416,0.8824003099215412
0.06581907292937982,0.007344396788399355,0.08376514124707246,0.9740200715330805
0.009134414365148858,0.0770672418533952,0.16244597858927867,0.179237927808059
0.13533694376072283,0.005403857158246584,0.14122883897226904,0.11745633748187415
0.13700749772175996,0.10226296120442202,0.12446644068865109,0.173374655364236
0.00023433392138842992,0.00492381239929558,0.18856355851930648,0.14888848523516315
0.01291405177247893,0.16899457109595706,0.059927021192900366,0.049560895910029545
0.058596515237871044,0.0816371196332803,0.13423408207459023,0.06562170880711356
0.16255753091408395,0.01354352389142679,0.13192326522815234,0.12487810372267057
0.10342618615928559,0.15463671453069094,0.03835074938841863,0.010103508486389613
0.17976741817397757,0.1907997899480705,0.020770002989984906,0.09690700508947897
0.0703085602836649,0.11258953335060713,0.12763929978800725,0.07436695513833884
0.18978855590239624,0.18468513509385986,0.17834681808770497,0.03742053196172557
0.06414308043523863,0.0006986148657772695,0.08422677070105328,0.17710872038949388
0.09906123494735941,0.11062224440387039,0.09491630968747869,0.14963139066211498
0.1622516509057594,0.04788462091350359,0.10844955916028587,0.19847974315859154
0.012906411198697865,0.14679254871823808,0.09058976841028465,0.19561655437226477
0.16556932624212684,0.07056142582654497,0.19587377510888396,0.14865072542508895
0.14143550455187323,0.006595033024753483,0.07841678629092606,0.049698536490355674
0.027819709648348213,0.13268579346649653,0.10942176676541415,0.04435325199697307
0.1237154389235672,0.049990796579858235,0.1886696822077153,0.14417821723043583
0.174498777596098,0.09617146936244321,0.05620645662821924,0.09136595897958973
0.17497043917312588,0.09412634958761501,0.09868580142834367,0.014302460335374346
0.09640393640423948,0.12363686050333333,0.05327166954680032,0.09473647455820106
0.009098286728619343,0.11913503891548455,0.08067745131116427,0.1584558728329236
0.08829163293640543,0.08595274293382138,0.04723552700732956,0.1972160232034123
0.040913918622105076,0.0027562261896264765,0.050661765256792515,0.16270662374044834
0.047248885850264835,0.19809576867280457,0.15486247365409625,0.14914448354283089
0.036372500023880795,0.06935073385838035,0.12802807980968026,0.13635160366321714
0.03428121308812853,0.18043506189277675,0.06864991470431236,0.005214637429682223
0.10804820519250707,0.1592659169713752,0.07862942653155791,0.06483609369156576
0.11245142443460435,0.16489402409568332,0.10695136140175987,0.17028692284254737
0.11591594591066086,0.17596539889512722,0.1521240702700249,0.07500054148159446
0.19840521455710217,0.06690735157521395,0.06302346567605403,0.1691553435634144
0.03238325585495601,0.058776464665848766,0.020010119256048967,0.01402230655513692
0.04862805697099775,0.1300793021951003,0.1570503134740641,0.08184492853871331
0.16753809619764923,0.12577626563380034,0.09406676734155635,0.17975094081204085
0.04576649785076297,0.05885029098946313,0.06202617255622583,0.15896363777614925
0.15776231494641255,0.06416041881927184,0.18268281115896529,0.08555556802414127
0.16007134464186548,0.03459116364560471,0.07012063553690998,0.16023336527612422
0.16812968360968747,0.12900763515416042,0.01890616133486538,0.03116345783848469
0.008250996994931726,0.003569333766861882,0.07146076067916428,0.05765769926282114
0.16516187196545365,0.1644553543728523,0.13739615920444534,0.11819864985050976
0.16681548590662318,0.08916313038502066,0.12356533107697668,0.1506372244532217
0.03291639143611189,0.07714906171668548,0.11579916529037185,0.022444006785579475
0.08743976697603224,0.01562945505962605,0.06485037973074226,0.11511234775804334
0.011772123367864797,0.17435209705932556,0.8675384438416667,0.020026778509430666
0.10871764363675146,0.06188421181562851,0.9186093023161291,0.10141738355598498
0.06571437674613541,0.11061805494277427,0.9942115495007677,0.02426734241886677
0.0829314106055386,0.06274353950617771,0.9248830767165277,0.08022817045136954
0.19391613253408146,0.1276298603708623,0.9087601503422461,0.08262499129150874
0.10600016282248577,0.048363076959534526,0.812493861355954,0.09403014626427153
0.16256072467999325,0.10643041177115964,0.9044081047246352,0.18033196456850853
0.13289743887558617,0.15428687528775223,0.8845255870720631,0.09980760752990184
0.1046506679918156,0.008457224557177257,0.9892550638767876,0.05249321991277305
0.17864105381264547,0.08426618292754098,0.8420533411628098,0.1750283888409945
0.13061442764313708,0.06588871890563044,0.8194159193469766,0.08433748598089158
0.05143077108108614,0.09072894462601103,0.9339801348205494,0.15765461805074932
0.10763435262736779,0.13272794360560633,0.8634106349548366,0.0961075217383975
0.19644934745333426,0.1312869717441642,0.8991360755854567,0.19649735061260132
0.10850949591941415,0.012074716006359898,0.9515598321697656,0.08637605232790027
0.05991158816006486,0.17028711893834278,0.9610945442667694,0.12908775144615148
0.12912672813520784,0.09427566689721233,0.9726186594216197,0.08386600254690879
0.181146810461475,0.16165900541804804,0.8176109662162604,0.12540562706320543
0.07568917271665031,0.15653400742706372,0.8046473925719672,0.01085997598415165
0.03743379557698212,0.15566315527147728,0.9202139513836439,0.018981364747986687
0.09576393896315377,0.191477906872202,0.9655399688786784,0.07677747394127117
0.11675417795684025,0.06878837941800078,0.8815500923211494,0.06763040922909773
0.14086950608897994,0.11355205069441042,0.8176346034567499,0.1749474245968024
0.0942077437312239,0.06898826164230876,0.953670144065617,0.0667177453949758
0.17419628542123286,0.11445626991960539,0.9681087143320621,0.04692321336981867
0.15945563890827372,0.9115827865785504,0.8293482851355278,0.11268907841337923
0.18297520350826316,0.8287314911517213,0.8426894558766209,0.0767240517492242
0.12083600203216505,0.8682101270604095,0.9678434200529707,0.03224992722028117
0.1718469395383853,0.9997107208086918,0.9044488463557162,0.04878028063517235
0.13517250319870175,0.8724415396845462,0.8320814003725892,0.0956453870703063
0.03925677308113598,0.9110386521277826,0.8372542421940712,0.12713578153914062
0.06634652433967735,0.817364955338792,0.8460222594545294,0.15183082151875493
0.13452981764097813,0.812032089529381,0.9039059579674931,0.18867605409781799
0.07006150116373296,0.9986642997637323,0.9928219585617897,0.13489409508880545
0.12605511967024008,0.8405940818758213,0.8960187052039477,0.056445814254028594
0.05283684702026368,0.82336680065521,0.8874737734307611,0.08462101001878475
0.17822123781931737,0.8528364199185472,0.8017300938119729,0.13100775125619876
0.17494279068033947,0.8998994111746387,0.9859739266229292,0.0018369281016946016
0.12975804541186506,0.8965360027467673,0.8821169135024852,0.14103494966694705
0.048908504313668444,0.9474030774220774,0.9688594132117957,0.058858301047606545
0.10348533639225495,0.9763223618425947,0.8315216135980076,0.1049345094557575
0.08734122193451782,0.8444287478286308,0.9896366719670064,0.12673359746532117
0.09575423998354604,0.9287403767431139,0.9156907000971661,0.11563783419870383
0.026149545318705527,0.82578604347067,0.996540766042976,0.06274842270486825
0.005033820112850362,0.8065299645313257,0.8558918863444566,0.0777930475477582
0.03827978639206238,0.8994853009287538,0.8642183648083651,0.13389390906220774
0.025594669117212577,0.8480450961934736,0.9424125080453284,0.19599110495552208
0.0572024594455709,0.8374913240705437,0.8133132993408713,0.07756515404359697
0.00293608493554407,0.8234911011010625,0.85127461028053,0.18445092863874052
0.13354480745563996,0.9963991930103109,0.8029331992085446,0.06120654138548609
0.1810593745908996,0.9772732663268229,0.9493913955566988,0.044773476149918404
0.1009818591547757,0.9801715010426085,0.8395894407059697,0.021159042273788356
0.06781935137827491,0.896734434061139,0.8519002780988384,0.08054667657920114
0.06867526957565627,0.8351509044176108,0.9939438157006455,0.08702358765629739
0.06731757663248415,0.8012991845822145,0.8204829906773115,0.14751405633514017
0.1886647616425172,0.8522749494478028,0.899209947829383,0.18804650430943923
0.002266649470628157,0.8183435609975723,0.8566040272640644,0.0600657625063408
0.14065757483907151,0.9991980765227533,0.9914795394879409,0.0005089759759342894
0.05156663186402821,0.8849612464308654,0.8896400942504729,0.16616208288315468
0.12799596473393932,0.8542734652973263,0.8148412389216035,0.07532991863084791
0.17322654107601906,0.9544274156933366,0.8971478566494205,0.17716015874882052
0.10798699826732992,0.9049587788225121,0.9993953859630829,0.1288096949072468
0.10234070085516048,0.8863344550550152,0.9614312100536817,0.16072404900269371
0.9967352748255868,0.8408592976587872,0.919971568406688,0.1242116051532357
0.8602795245413888,0.8553559528682576,0.876113098453954,0.1559253292752712
0.8721160158906655,0.8897390660293595,0.8167224239500143,0.06152160270981255
0.8304935040511909,0.9769998232927679,0.806190035994252,0.08952175167793222
0.8045817326420377,0.9290785850546891,0.9154885156676784,0.09804405648753406
0.842470037156514,0.9266260333699161,0.9970496989914441,0.16978993334687237
0.8520895161813744,0.8624184100046259,0.8555911197851406,0.15880023924665274
0.8071816292653439,0.8612675648190686,0.812317148672478,0.03583009152293988
0.9520977594742601,0.9993350635970764,0.9407301959401719,0.09245721885063499
0.903760896941738,0.9182322491348166,0.9354527182768841,0.0883179041777294
0.8606936434468244,0.9378582263008904,0.8662595405533265,0.018792576702131594
0.8190743689886536,0.9930566233844124,0.8649790864858009,0.12830496062252733
0.9687795967465367,0.9886430799856349,0.9005464008546895,0.1421414306316004
0.8609511081343623,0.8991481262098623,0.8177142630628692,0.01684062652423446
0.8801008065321931,0.9001707722978713,0.8501643827919224,0.1355148492146142
0.9492284872907174,0.8408746533085768,0.9082645364271935,0.042922173182898975
0.8567566212390016,0.8920375765203137,0.8587850299358606,0.15211136343116716
0.8995334745895698,0.9884368338180186,0.8444039545036197,0.06941936166190044
0.8023023607019344,0.8996282180232558,0.8567086766236831,0.09720148529147928
0.8296452434073113,0.9016930456615265,0.9638586152068468,0.1355277017710939
0.823035072790783,0.9850467549644514,0.8422079089335883,0.10237853614129085
0.8281935449763624,0.8950092817111416,0.9349369234592795,0.08354065912161189
0.9065325321969536,0.8526189507120981,0.8149492226581282,0.14064375968382214
0.8453150146710082,0.9447483253957585,0.8090905625935615,0.08764638734907051
0.0796437048918846,0.8489673692530647,0.8295830410688121,0.027610231644591244
0.16132906592814394,0.8897784206741557,0.8271697287066406,0.10944774882069935
0.04259001016428759,0.9208851907604645,0.9308681014602502,0.10869870920173337
0.09027703964920207,0.873896280878125,0.8987899966017495,0.1350792430682086
0.044180959793631375,0.9982531841932524,0.8076531464066324,0.17912254009630668
0.05721286657459788,0.9633362418966631,0.9449626268754263,0.08717582714440791
0.13853383163632532,0.9725977558281206,0.9145263724292102,0.07009811347076143
0.15673287296017657,0.8733660503147601,0.8866632539500984,0.13136576051192173
0.05084593658884476,0.9513370953435099,0.8476058779770286,0.16994979663558524
0.19028593763367407,0.9076833253501143,0.8835079986240726,0.173779887094988
0.0024274751421123676,0.8138498468899107,0.9430821832858738,0.03228153020053746
0.062308881916724346,0.8094683086837806,0.8430192115852524,0.10917735462157
0.13064996647426178,0.9879776601191731,0.9309643317292466,0.19261536824768372
0.05575940411473686,0.9907750698484159,0.8967012073761816,0.12110653972607116
0.09808065181530297,0.9466575837334892,0.9666912416265676,0.0190257528733782
0.17539388250155374,0.8788346013891,0.9545055866296248,0.04341510218278582
0.1812935238755824,0.8962183172738218,0.10112363724747345,0.13765752688580205
0.13880275690461358,0.8107372243997396,0.1358353089017156,0.050943176527024896
0.09013482893881614,0.8231262334489619,0.08570935570249368,0.9190327217373234
0.07581653895548113,0.897110084738808,0.07936438950004068,0.8821117847111615
0.12797301175035922,0.8517303800235639,0.18991131114142423,0.9977115403918531
0.1467597164525406,0.9301180673983432,0.007097322942465523,0.9043638784699626
0.19322164463653957,0.8005959691062753,0.11957114953189592,0.8785002057112112
0.18138453259401163,0.996643917525214,0.1538881315643195,0.8287439353368338
0.1824169596533525,0.8330985925550046,0.016643857761942972,0.9559122499683738
0.0828799062037941,0.9187578558355165,0.08518464147298287,0.9559502691221159
0.09248612807354453,0.9617864375911613,0.1578212937474437,0.8823186260717502
0.0008526065116303272,0.8560270509416047,0.14068906527601285,0.8759502294065363
0.1371072935701388,0.8388107470485564,0.12388400364527859,0.8242179913962686
0.16436793710088424,0.9864140130482492,0.08578512278751278,0.851491773274799
0.10350047577278099,0.96190561522255,0.15788751760739594,0.8022567026806878
0.1744373962516858,0.9423765377184885,0.1824589513268684,0.8837902838813081
0.13255634991629658,0.8241900136104789,0.12430642939837128,0.9324022189390658
0.08474524001544184,0.1272160617973702,0.18313612098905444,0.8144827003966415
0.11523838098981176,0.06474169649234555,0.026208162522301737,0.9628848692911319
0.15462027235290232,0.026821442204904566,0.006216406640365735,0.9405022263821463
0.1977036930462146,0.13798366338681076,0.18001260980164582,0.9733661642997781
0.04223567070464318,0.1255399739325114,0.14730679172291364,0.8370790937609083
0.00042521066002101373,0.8113618556477507,0.011547430824483352,0.836198141996308
0.07472875895592009,0.9825739458929671,0.140678681450146,0.844627930238644
0.049264100707767544,0.9592009624344314,0.012069309768536929,0.9608370955095932
0.1880704631723792,0.8274830907348601,0.01790234307372194,0.8008181340516729
0.05645030637395605,0.9565544254946627,0.13543814010348829,0.9852364950814293
0.06983933858782092,0.885777759068399,0.05796578093729832,0.9481681789642004
0.0033640310571887433,0.8216363702131831,0.09162149469040769,0.830088604582395
0.14361019959997542,0.8642979500237888,0.10882493751887518,0.10494247807221811
0.1725807468893874,0.9161139026078534,0.06432714115459884,0.11543255421743184
0.07103935777563315,0.8245746278666697,0.16768262920212157,0.17864231117761864
0.08934979711687321,0.8341978449342591,0.006107014657386678,0.19023666411112414
0.1540459166472624,0.8154520186255134,0.06895614547778293,0.055545145497503313
0.06710563380792456,0.8736304782153512,0.1813576420692962,0.12099923143372321
0.08631583300870382,0.8045046944703105,0.07603147836384341,0.15482320838958769
0.19865469549860598,0.8059749757493461,0.1906907056580923,0.09919841079658705
0.1563484203693849,0.8764898928253144,0.12853469983207605,0.13815296750372066
0.11373741415235186,0.0771181958292688,0.029516033376855932,0.032650029893942834
0.1746960019071198,0.19516343094276134,0.04984525203467874,0.02943297505984417
0.15564728321540475,0.006159925861794858,0.19803328007527765,0.046962813144667506
0.1386623683065292,0.1306383405135409,0.15430104826671923,0.08434605772168807
0.07570517591979796,0.09742857206790614,0.16109104425701032,0.16167034193267782
0.09164183678162828,0.06172517809872833,0.14621933618822622,0.12671637499071695
0.05374053307012956,0.19073815249833798,0.14034870691412935,0.18361012550032757
0.017902416345884832,0.12029592780806671,0.030320052580645875,0.10103418424599371
0.19818831221145639,0.014417767459529829,0.049949472614988055,0.03443736860949433
0.04372008124444136,0.02983857612777248,0.005718037038939406,0.08501671002856395
0.032416604287956965,0.08263792489230622,0.13848623303783736,0.11092573089637121
0.004545507720278153,0.1545119075092233,0.07657480779512077,0.11903667872050437
0.15196769448801636,0.000878405802235438,0.04122813802579968,0.04235574128085389
0.026018619114379173,0.1323903164303568,0.17287090775742772,0.04064294435605973
